iloCodeIlot;iloLibelleIlot;iloOptim;iloCodeEtablissement;iloCodeBase;iloInfo;iloInfoAdmin;iloDateCreation;iloDateModif;iloDateSuppression;used;sedIdServDem;prsIdProdSav;dacIdDomAct;coIdCompetence;siIdSite;enIdEntreprise;fiIdFiltrage;tiIdTypeIot;banIdBandeau
<<<<<<< HEAD
1AR;HE/ SOTRLR REH ARAGO Z1;0;DTV;K2;ilot répartiteur ARAGO (Perpignan);;0;1458660256;0;Oui;;PROD;CL;;PO;SOTRANASA;;RE;C 
1CR;HE/REH SOTRLR CRO DTM AMH;0;DTV;K2;ilot répartiteur CROIX d'argent (Montpellier);;0;1458660256;0;Oui;;PROD;CL;PROD;MPO;SOTRANASA;;RE;C 
1JU;HE/ SOTRLR REH JUV DTM AMH;0;DTV;K2;;;0;1458660256;0;Oui;;PROD;CL;PROD;MPO;SOTRANASA;;RE;C 
1KE;HE/ SOTRLR REH KENEDY Z1;0;DTV;K2;;;0;1458660256;0;Oui;;PROD;CL;PROD;PO;SOTRANASA;;RE;C 
1LO;HE/ SOTRLR SREH LOR Z1;0;DTV;K2;;;0;1458660256;0;Oui;;PROD;CL;PROD;AU;SOTRANASA;;RE;C 
1NK;HE/ SOTRLR SREH NAK Z1;0;DTV;K2;;;0;1458660256;0;Oui;;PROD;CL;PROD;AU;SOTRANASA;;RE;C 
1RO;HE/ SOTRLR REH RON ETL;0;DTV;K2;;;0;1458660256;0;Oui;;PROD;CL;PROD;MPO;SOTRANASA;;RE;C 
4CO;HE/RESH COURBESSAC SOGELR;0;DTV;K2;;;0;1458660256;0;Oui;;PROD;CL;PROD;GA;SOGETREL;;RE;C 
4FA;HE/ SOGELR REH FAC DTM AMH;0;DTV;K2;;;0;1458660256;0;Oui;;PROD;CL;PROD;MPE;SOGETREL;;RE;C 
4FE;HE/REH SOGELR FEUCHERE Z4;0;DTV;K2;;;0;1458660256;0;Oui;;PROD;CL;PROD;GA;SOGETREL;;RE;C 
4LA;HE/ SOGELR RESH AM LAP;0;DTV;K2;;;0;1458660256;0;Oui;;PROD;CL;PROD;MPE;SOGETREL;;RE;C 
4MO;HE/ SOGELR REH MONTAURY Z4;0;DTV;K2;;;0;1458660256;0;Oui;;PROD;CL;PROD;GA;SOGETREL;;RE;C 
4NA;HE/REH SOGELR NATOIRE Z4;0;DTV;K2;;;0;1458660256;0;Oui;;PROD;CL;PROD;GA;SOGETREL;;RE;C 
4PA;HE/ SOGELR RESH PAI DTV;0;DTV;K2;;;0;1458660256;0;Oui;;PROD;CL;PROD;MPE;SOGETREL;;RE;C 
4RA;HE/ RESH SOGELR RABELAIS Z4;0;DTV;K2;;;0;1458660256;0;Oui;;PROD;CL;PROD;MPE;SOGETREL;;RE;C 
7XX;FLITRAGE PROD PPP LR;0;DTV;K2;;;0;1458660256;0;Oui;;PROD;CL;PROD  Filtrage;LR;CAFT;1;FT;C 
AA9;BL/POI SOTRA A9;0;DTV;K2;QRL;;0;1458660256;0;Oui;;;BL-PRODUCTION;QRL BL-PRODUCTION;AUPO;SOTRANASA;;FT;C 
AB1;SAVGP zne Bagnols DT2;1;DTV;K2;;;0;1458660256;0;Oui;;SAV;CL;SAV;GALO;FT;;FT;C 
AB2;FILTRAGE SAV BAGNOLS DENSE;0;DTV;K2;;;0;1458660256;0;Oui;;SAV;CL;SAV  Filtrage;GALO;CAFT;1;ETL;C 
AB3;FILTRAGE SAV BAGNOLS disperse;0;DTV;K2;;;0;1458660256;0;Oui;;SAV;CL;SAV  Filtrage;GALO;CAFT;1;ETL;C 
AB4;FILTRAGE SAV SUD AB1 CNX SGC;0;DTV;K2;;;0;1458660256;0;Oui;;;CL;Filtrage;GALO;CAFT;1;ETL;C 
ABL;BL/Transfert SAV BL URR ETL;0;DTV;K2;;;0;1458660256;0;Oui;;SAV;BL-CABLE;SAV BL-CABLE Filtrage;AUPO;CAFT;1;ETL;C 
ACA;BL/ UI ANALYSE FILTRAGE;0;DTV;K2;;;0;1458660256;0;Oui;;SAV;BL-CABLE;SAV BL-CABLE Filtrage;GALO;CAFT;1;FT;C 
AES;ALES E RS;0;DTV;K2;;;0;1458660256;0;Oui;;SAV;ERS;SAV;GALO;FT;;FT;R 
AGC;TRANSFERT GC VERS ETL;0;DTV;K2;;;0;1458660256;0;Oui;;SAV;BL-GC;SAV BL-GC Filtrage;LR;CAFT;1;ETL;C 
ALB;ENTRAIDE E RS LIVEBOX AUDE;0;DTV;K2;;;0;1458660256;0;Oui;;PROD / SAV;CL;T;AUPO;FT;;FT;C 
ALP;RS/Ales Production RS RSC DTV;0;DTV;K2;;;0;1458660256;0;Oui;;PROD;ERS;PROD;GALO;FT;;FT;R 
ALS;RS/Ales SAV RS RSC DTV;0;DTV;K2;;;0;1458660256;0;Oui;;SAV;ERS;SAV;GALO;FT;;FT;R 
ANA;Filtrage Trein;0;DTV;K2;;;0;1458660256;0;Oui;;SAV;CL;SAV  Filtrage;GALO;CAFT;1;FT;C 
ANN;ANNULATION DOUBLONS PROD;0;DTV;K2;;;0;1458660256;0;Oui;;;CL;Filtrage;AUPO;FT;1;ETL;C 
AO1;BL/REMPLAC POTO URR SOTRA PO;0;DTV;K2;;;0;1458660256;0;Oui;;PROD;BL-POTEAUX;PROD BL-POTEAUX;PO;SOTRANASA;;ETL;C 
AP1;BL/Sotra POI secteur PO ZA URR;;DTV;K2;;;0;0;20160321130558;Non;;PROD;BL-PRODUCTION;PROD BL-PRODUCTION;PO;SOTRANASA;;FT;
AS1;SAVGP INTERVENTIONS ALES;1;DTV;K2;;;0;1458660256;0;Oui;;SAV;CL;SAV;GALO;FT;;FT;C 
AS2;FILTRG SAV ALES DENSE;0;DTV;K2;;;0;1458660256;0;Oui;;SAV;CL;SAV  Filtrage;GALO;CAFT;1;ETL;C 
AS3;FILTRG SAV ALES DISPERSE;0;DTV;K2;;;0;1458660256;0;Oui;;SAV;CL;SAV  Filtrage;GALO;CAFT;1;ETL;C 
AS4;FILTRG SAV ALES RURAL;0;DTV;K2;;;0;1458660256;0;Oui;;SAV;CL;SAV  Filtrage;GALO;CAFT;1;ETL;C 
ASV;Transfert FILTRAGE  AUDE PO;0;DTV;K2;;;0;1458660256;0;Oui;;SAV;CL;SAV  Filtrage;AUPO;CAFT;1;ETL;C 
ATC;Gestion-Attente FILTRAGE  LR;0;DTV;K2;;;0;1458660256;0;Oui;;SAV;CL;SAV  Filtrage;GALO;CAFT;1;FT;C 
AU0;FILTRAGE SAV AUDE CARCASSONNE;0;DTV;K2;;;0;1458660256;0;Oui;;SAV;CL;SAV  Filtrage;AUPO;CAFT;1;ETL;C 
AU1;FILTRAGE SAV AUDE1 NARBONNE;0;DTV;K2;;;0;1458660256;0;Oui;;SAV;CL;SAV  Filtrage;AUPO;CAFT;1;ETL;C 
AU2;FILTRAGE SAV AUDE2;0;DTV;K2;;;0;1458660256;0;Oui;;SAV;CL;SAV  Filtrage;AUPO;CAFT;1;ETL;C 
AU3;FILTRAGE SAV AUDE3;0;DTV;K2;;;0;1458660256;0;Oui;;SAV;CL;SAV  Filtrage;AUPO;CAFT;1;ETL;C 
AUD;SAVGP GP FT AUDE;1;DTV;K2;;;0;1458660256;0;Oui;;SAV;CL;SAV;AUPO;FT;;FT;C 
AUE;TIC E RS AUDE;0;DTV;K2;;;0;1458660256;0;Oui;;PROD / SAV;ERS;T;AUPO;FT;;FT;CE
AY1;BL/Sotra BL Prev PO ZA PRV;0;DTV;K2;;;0;1458660256;0;Oui;;PROD;BL-PREVENTIF;PROD BL-PREVENTIF;PO;SOTRANASA;;ETL;C 
AY2;BL/Sotra BLPrev 11/Bez-O ZAPRV;0;DTV;K2;;;0;1458660256;0;Oui;;PROD;BL-PREVENTIF;PROD BL-PREVENTIF;AUBZ;SOTRANASA;;ETL;C 
B03;MAINT BEZIERS SAVGP;1;DTV;K2;;;0;1458660256;0;Oui;;SAV;CL;SAV;SMO;FT;;FT;C 
B11;FILTRAGE SAV+ BEZIERS ZONE1;0;DTV;K2;;;0;1458660256;0;Oui;;SAV;CL;SAV  Filtrage;SMO;CAFT;1;ETL;C 
B12;FILTRAGE BEZIERS ZONE2;0;DTV;K2;;;0;1458660256;0;Oui;;SAV;CL;SAV  Filtrage;SMO;CAFT;1;ETL;C 
B13;FILTRAGE BEZIERS ZONE3;0;DTV;K2;;;0;1458660256;0;Oui;;SAV;CL;SAV  Filtrage;SMO;CAFT;1;ETL;C 
B90;Arv+Srv RTL Adi+Pre WHL BEZ Z3;0;DTV;K2;;;0;1458660256;0;Oui;;SAV;CL;SAV  Filtrage;SMO;CAFT;1;ETL;C 
B91;Arv+Srv RTL Adi+Pre WHL BEZ Z1;0;DTV;K2;;;0;1458660256;0;Oui;;SAV;CL;SAV  Filtrage;SMO;CAFT;1;ETL;C 
B92;Arv+Srv RTL Adi+Pre WHL BEZ Z2;0;DTV;K2;;;0;1458660256;0;Oui;;SAV;CL;SAV  Filtrage;SMO;CAFT;1;ETL;C 
B95;SAVGP CLERMONT DTM;1;DTV;K2;;;0;1458660256;0;Oui;;SAV;CL;SAV;SMO;FT;;FT;C 
BB1;BL/ SOTRLR Z1 URR;0;DTV;K2;;;0;1459401605;0;Oui;;PROD / SAV;BL-CABLE;SAV/PROD BL-CABLE Filtrag;POBZ;SOTRANASA;BB;ETL;C 
BB4;BL/ SOGELR Z4 URR;0;DTV;K2;;;0;1459401605;0;Oui;;PROD / SAV;BL-CABLE;SAV/PROD BL-CABLE Filtrag;MEAL;SOGETREL;BB;ETL;C 
BB5;BL/ SCOP48 Z5 URR;0;DTV;K2;;;0;1459401605;0;Oui;;PROD / SAV;BL-CABLE;SAV/PROD BL-CABLE Filtrag;LO;SCOPELEC;BB;ETL;C 
BCC;Derangement collectif DTM;0;DTV;K2;;;0;1458660256;0;Oui;;SAV;ERS;SAV  Filtrage;SMO;CAFT;1;SE;  
BCT;TRANSIT COMPLEX DTM;0;DTV;K2;;;0;1458660256;0;Oui;;PROD / SAV;ERS;T  Filtrage;SMO;CAFT;1;SE;  
BIP;QRL R/P DTM;0;DTV;K2;QRL;;0;1458660256;0;Oui;;;CL;QRL  Filtrage;SMO;CAFT;1;SE;  
BLB;ERS OPITML + PBX-FT DTV;0;DTV;K2;;;0;1458660256;0;Oui;;PROD / SAV;ERS;T;LR;FT;;FT;C 
BLO;BL/ Optique FTTH;0;DTV;K2;;;0;1458660256;0;Oui;;SAV;BL-PRODUCTION;SAV BL-PRODUCTION;LR;FT;;FT;C 
BO1;REMPLAC POTEAUX URR ETE;0;DTV;K2;;;0;1458660256;0;Oui;;PROD;BL-POTEAUX;PROD BL-POTEAUX;SMO;ESCOT;;ETL;C 
BP1;BL/ETE POI ZB URR;;DTV;K2;;;0;0;20160321130558;Non;;PROD;BL-PRODUCTION;PROD BL-PRODUCTION;BSMO;ETE;;FT;
BPR;Filtrage PBR Retail R zone B C;0;DTV;K2;;;0;1458660256;0;Oui;;SAV;CL;SAV  Filtrage;BEZI;FT;1;FT;C 
BRE;RE BITERROIS DTM;1;DTV;K2;;;0;1458660256;0;Oui;;PROD;CL;PROD;SMO;FT;;FT;C 
BRU;COMPACTAGE SOGETREL;0;DTV;K2;;;0;1458660256;0;Oui;;PROD;CL;PROD;GA;SOGETREL;;ETL;C 
BY1;BL/ETE BL Prev ZB PRV;0;DTV;K2;;;0;1458660256;0;Oui;;PROD;BL-PREVENTIF;PROD BL-PREVENTIF;BSMO;ETE;;ETL;C 
BYC;CHABLIS Prod LT OT OK;0;DTV;K2;;;0;1458660256;0;Oui;;PROD;BL-PREVENTIF;PROD BL-PREVENTIF Filtrag;LR;CAFT;1;RE;C 
BYT;DOLMEN Prod LT OT OK;0;DTV;K2;;;0;1458660256;0;Oui;;PROD;BL-PREVENTIF;PROD BL-PREVENTIF Filtrag;LR;CAFT;1;RE;C 
BZ1;PLI PUB DTM;0;DTV;K2;;;0;1458660256;0;Oui;;PROD / SAV;CL;T;SMO;FT;;SE;  
BZE;Prod + SAV Béziers E;0;DTV;K2;;;0;1459152392;0;Oui;;SAV;ERS;SAV;SMO;FT;;FT;CE
BZP;RS/Beziers Prod RS RSC DTV;0;DTV;K2;;;0;1458660256;0;Oui;;PROD;ERS;PROD;SMO;FT;;FT;R 
BZS;RS/Beziers SAV RS RSC DTV;0;DTV;K2;;;0;1458660256;0;Oui;;SAV;ERS;SAV;SMO;FT;;FT;R 
C11;BL/ SOTRLR SAVBL PO URR;0;DTV;K2;;;0;1458660256;0;Oui;;SAV;BL-CABLE;SAV BL-CABLE;PO;SOTRANASA;;ETL;C 
C12;BL/ SOTRLR SAVBL Aude URR Z1;0;DTV;K2;;;0;1458660256;0;Oui;;SAV;BL-CABLE;SAV BL-CABLE;AUBZ;SOTRANASA;;ETL;C 
C13;BL/ SOTRLR SAVBL BEZ MTPO URR;0;DTV;K2;;;0;1458660256;0;Oui;;SAV;BL-CABLE;SAV BL-CABLE;BSMO;SOTRANASA;;ETL;C 
C41;BL/ SOGELR SAVBL URR 34EST Z4;0;DTV;K2;;;0;1458660256;0;Oui;;SAV;BL-CABLE;SAV BL-CABLE;MEAL;SOGETREL;;ETL;C 
C45;BL/ SOGELR LR SAVBL 30 URR Z4;0;DTV;K2;;;0;1458660256;0;Oui;;SAV;BL-CABLE;SAV BL-CABLE;GA;SOGETREL;;ETL;C 
C51;BL/ SCOP48 CABLE SAVBL 48 URR;0;DTV;K2;;;0;1458660256;0;Oui;;SAV;BL-CABLE;SAV BL-CABLE;LO;SCOPELEC;;ETL;C 
CAA;EPA AMH;0;DTV;K2;;;0;1458660256;0;Oui;;SAV;CL;SAV  Filtrage;LR;CAFT;1;SE;  
CAP;Gestion-Suivi FILTRAGE -PA LR;0;DTV;K2;;;0;1458660256;0;Oui;;PROD / SAV;CL;T  Filtrage;LR;CAFT;1;FT;C 
CBL;FILTRAGE / REO ETR/ PA UI LR;0;DTV;K2;;;0;1458660256;0;Oui;;;CL;Filtrage;LR;CAFT;1;ETL;C 
CG0;Admin CHG;0;DTV;K2;;;0;1458660256;0;Oui;;PROD / SAV;CL;T  Filtrage;LR;CAFT;1;ETL;C 
CG2;UI TEMPORAIRE Echec de PROD;0;DTV;K2;;;0;1458660256;0;Oui;;PROD;CL;PROD  Filtrage;LR;CAFT;1;FT;C 
CH1;PROD FTTH SOGETREL;0;DTV;K2;;;0;1458660256;0;Oui;;PROD;CL;PROD;MPE;SOGETREL;;ETL;C 
CH3;PROD FTTH SCOPELEC;0;DTV;K2;;;0;1458660256;0;Oui;;PROD;CL;PROD;MTP;SCOPELEC;;ETL;C 
CH5;FTTH TEST UGPC;0;DTV;K2;;;0;1458660256;0;Oui;;;CL;Client  Filtrage;LR;CAFT;1;ETL;C 
CHS;BL/SAV BL FTTH SOGELR ETL;0;DTV;K2;;;0;1458660256;0;Oui;;SAV;BL-CABLE;SAV BL-CABLE;MPE;SOGETREL;;ETL;C 
CIE;HO/RE HABITE FT IEN AHD AMH; ;DTV;K2;;;0;1458660256;0;Oui;;PROD;CL;PROD;AUPO;FT;;RE;C 
CLB;LIVEBOX ERS ALES;0;DTV;K2;;;0;1458660256;0;Oui;;PROD / SAV;CL;T;GALO;FT;;FT;CE
CLG;Reception CLG Orange;0;DTV;K2;;;;1458660256;;;;;;;;;;FT;C 
CO1;BL/REMPLAC POTO URR SOGETREL;0;DTV;K2;;;0;1458660256;0;Oui;;PROD;BL-POTEAUX;PROD BL-POTEAUX;MEAL;SOGETREL;;ETL;C 
COL;Compactage CONSTEL;0;DTV;K2;;;0;1458660256;0;Oui;;PROD;CL;PROD;LR;;;ETL;C 
COU;HE/RESH  COURBESSAC SCOPELEC;;DTV;K2;;;0;0;20160321130558;Non;;SAV;CL;SAV;GALO;CAFT;;ETL;
CP1;BL/Sogetrel POI ZC URR;0;DTV;K2;;;0;1458660256;0;Oui;;PROD;BL-PRODUCTION;PROD BL-PRODUCTION;MEAL;SOGETREL;;FT;R 
CPL;COMPL. Prod LT OT OK;0;DTV;K2;;;0;1458660256;0;Oui;;PROD;BL-PREVENTIF;PROD BL-PREVENTIF Filtrag;LR;CAFT;1;RE;C 
CPR;Filtrage PBR Retail R zone C;0;DTV;K2;;;0;1458660256;0;Oui;;SAV;CL;SAV  Filtrage;MPE;FT;1;FT;C 
CRP;RS/Carc Production RS RSC DTV;0;DTV;K2;;;0;1458660256;0;Oui;;PROD;ERS;PROD;AUPO;FT;;FT;R 
CRS;RS/Carc SAV RS RSC DTV;0;DTV;K2;;;0;1458660256;0;Oui;;SAV;ERS;SAV;AUPO;FT;;FT;R 
CY1;BL/Sogetrel BL Prev ZC PRV;0;DTV;K2;;;0;1458660256;0;Oui;;PROD;BL-PREVENTIF;PROD BL-PREVENTIF;MEAL;SOGETREL;;ETL;C 
D5B;TRAITMNT R02 DGT/DTP Scopelec;0;DTV;K2;;;0;1458660256;0;Oui;;PROD;CL;PROD;LO;SCOPELEC;;RE;C 
DCF;BL/UI DERCO LR;0;DTV;K2;;;0;1458660256;0;Oui;;SAV;BL-CABLE;SAV BL-CABLE Filtrage;LR;CAFT;1;FT;C 
DCW;filtrage GEDERCO WeekEnd;0;DTV;K2;;;;1458660256;;;;;;;;;;FT;C 
DEE;FILTRAGE DET;0;DTV;K2;;;0;1458660256;0;Oui;;SAV;BL-CABLE;SAV BL-CABLE Filtrage;LR;CAFT;1;FT;C 
DET;FILTRAGE DER ETOILE;0;DTV;K2;;;0;1458660256;0;Oui;;SAV;BL-CABLE;SAV BL-CABLE Filtrage;LR;CAFT;1;FT;C 
DMA;Depose Massive Escot;0;DTV;K2;;;0;1458660256;0;Oui;;PROD / SAV;BL-CABLE;T BL-CABLE;LR;ESCOT;;ETL;C 
DMS;UI FILTRAGE RE POUR MS AMH;0;DTV;K2;JRT;;0;1458660256;0;Oui;;;CL;JRT  Filtrage;LR;CAFT;1;RE;C 
DOU;FILTRAGE DOUBLONS SAV;0;DTV;K2;;;0;1458660256;0;Oui;;PROD / SAV;CL;T  Filtrage;LR;CAFT;1;FT;C 
DP1;BL/ SOTRLR VERS SOGET POI URR;0;DTV;K2;;;0;1458660256;0;Oui;;PROD;BL-PRODUCTION;PROD BL-PRODUCTION;GA;SOTRANASA;;ETL;C 
DP4;BL/ SOGELR VRS SCOP POI URR;0;DTV;K2;;;0;1458660256;0;Oui;;PROD;BL-PRODUCTION;PROD BL-PRODUCTION;MPE;SOGETREL;;ETL;C 
DY1;BL/ SOTRLR VRS SOG PRV;;DTV;K2;;;0;0;20160321130558;Non;;PROD;BL-PREVENTIF;PROD BL-PREVENTIF;GA;SOTRANASA;;ETL;
DY4;BL/ SOGELR VRS SCOP PRV;;DTV;K2;;;0;0;20160321130558;Non;;PROD;BL-PREVENTIF;PROD BL-PREVENTIF;GA;SOGETREL;;ETL;
E11; SOTRLR SAV LT Z1 ETL;0;DTV;K2;;;0;1458660256;0;Oui;;SAV;CL;SAV;PO;SOTRANASA;;ETL;C 
E12; SOTRLR SAV LT AUDE Z1 ETL;0;DTV;K2;;;0;1458660256;0;Oui;;SAV;CL;SAV;AU;SOTRANASA;;ETL;C 
E13; SOTRLR SAV LT BEZ Z1 ETL;0;DTV;K2;;;0;1458660256;0;Oui;;SAV;CL;SAV;BEZI;SOTRANASA;;ETL;C 
E14; SOTRLR SAV LT BES MTPO ETL;0;DTV;K2;;;0;1458660256;0;Oui;;SAV;CL;SAV;MPO;SOTRANASA;;ETL;C 
E41; SOGELR SAV LT MTPE Z4 ETL;0;DTV;K2;;;0;1458660256;0;Oui;;SAV;CL;SAV;MPE;SOGETREL;;ETL;C 
E42; SOGELR SAV LT GAN VIG1 ETL;0;DTV;K2;;;0;1458660256;0;Oui;;SAV;CL;SAV;GLV;SOGETREL;;ETL;C 
E43; SOGELR SAV LT GAN VIG2 ETL;0;DTV;K2;;;0;1458660256;0;Oui;;SAV;CL;SAV;GLV;SOGETREL;;ETL;C 
E44; SOGELR SAV LT GAN VIG3 ETL;1;DTV;K2;;;0;1458660256;0;Oui;;SAV;CL;SAV;GLV;SOGETREL;;FT;C 
E45; SOGELR SAV LT NIM BAG Z4;0;DTV;K2;;;0;1458660256;0;Oui;;SAV;CL;SAV;GA;SOGETREL;;ETL;C 
E46; SOGELR SAV LT 30 ALES Z4 ETL;0;DTV;K2;;;0;1458660256;0;Oui;;SAV;CL;SAV;GA;SOGETREL;;ETL;C 
E51; SCOP48 SAV LT SUD LOZ1 Z5 ETL;0;DTV;K2;;;0;1458660256;0;Oui;;SAV;CL;SAV;LO;SCOPELEC;;ETL;C 
E52; SCOP48 SAV LT SUD LOZ2 Z5 ETL;0;DTV;K2;;;0;1458660256;0;Oui;;SAV;CL;SAV;LO;SCOPELEC;;ETL;C 
ELA;ELAGAGE;0;DTV;K2;;;0;1458660256;0;Oui;;;CL;Filtrage;LR;CAFT;1;FT;C 
ERD;SAV PABX  RS hors Lozère;0;DTV;K2;;;0;1459152392;0;Oui;;SAV;ERS;;LR;FT;;FT;C 
ERS;ENTRAIDE GP RS SAVGP;1;DTV;K2;;;0;1458660256;0;Oui;;SAV;CL;SAV;LR;FT;;FT;C 
EXM;RDV Expert FTTH Montpellier;0;DTV;K2;Rdv Expert : Ilot de réception des EXPVTI (automate DPL vers VQS);;1459315204;1459425545;;Oui;;SAV;CL;SAV  Filtrage;MTP;CAFT;;ETL;C 
EXN;RDV Expert FTTH Nimes;0;DTV;K2;;;1459315204;;;;;;;;;;;ETL;C 
EXP;RECEPTION EXPVTI rdv expert;0;DTV;K2;;;0;1459315204;0;Oui;;SAV;CL;SAV  Filtrage;LR;FT;1;ETL;C 
EXR;RDV Expert FTTH Roussillon;0;DTV;K2;;;1459315204;;;;;;;;;;;ETL;C 
FC1;BL/ SCOPLR SAVBL 30 URR;0;DTV;K2;;;0;1458660256;0;Oui;;SAV;BL-CABLE;SAV BL-CABLE;GA;SCOPELEC;;ETL;C 
FGC;BL/ UI OPTIMISEUR GC URR;0;DTV;K2;;;0;1458660256;0;Oui;;SAV;BL-CABLE;SAV BL-CABLE Filtrage;LR;CAFT;1;FT;C 
FIA;FIABILIS B-Champetier;0;DTV;K2;;;0;1458660256;0;Oui;;PROD / SAV;BL-FT;T BL-FT Filtrage;LR;CAFT;1;FT;C 
FM1;PROD FTH MTP SOTRA Z1;0;DTV;K2;;;0;1458660256;0;Oui;;PROD;CL;PROD;MPO;SOTRANASA;;FT;C 
FM4;PROD FTH MTP SOGETREL;0;DTV;K2;;;0;1458660256;0;Oui;;PROD;CL;PROD;MPE;SOGETREL;;FT;C 
FM5;PROD FTTH SOIR SOGETREL;0;DTV;K2;;;0;1458660256;0;Oui;;PROD;CL;PROD;MPE;SOGETREL;;ETL;C 
FNG; UI TEMPO PPC SS OT >FILTR;0;DTV;K2;;;0;1458660256;0;Oui;;SAV;CL;SAV  Filtrage;LR;CAFT;1;ETL;C 
FO1;BL/REMPLAC POTO URR SCOP GARD;0;DTV;K2;;;0;1458660256;0;Oui;;PROD;BL-POTEAUX;PROD BL-POTEAUX;LO;SCOPELEC;;ETL;C 
FO2;BL/REMPLAC POTO URR SCOP 48;0;DTV;K2;;;0;1458660256;0;Oui;;PROD;BL-POTEAUX;PROD BL-POTEAUX;LO;SCOPELEC;;ETL;C 
FON;FILTRAGE AUTO FON;0;DTV;K2;;;0;1458660256;0;Oui;;SAV;CL;SAV  Filtrage;AUPO;CAFT;1;ETL;C 
FP1;BL/SCOPELEC POI Gard ZD URR;;DTV;K2;;;0;0;20160321130558;Non;;PROD;BL-PRODUCTION;PROD BL-PRODUCTION;GA;SCOPELEC;;FT;
FRB;UI FLASH RESEAU LR;0;DTV;K2;;;0;1458660256;0;Oui;;SAV;BL-FT;SAV BL-FT Filtrage;LR;CAFT;1;FT;C 
FT0;PROD FTTH SOGETREL NIMES;0;DTV;K2;;;0;1458660256;0;Oui;;PROD;CL;PROD;GA;SOGETREL;;ETL;C 
FT1;FTTH PROD ETL+FT NARBONNE;1;DTV;K2;;;0;1458660256;0;Oui;;PROD;CL;PROD;AU;FT;;FT;C 
FT6;FTTH PROD+SAV ETL+FT PERPIGNAN;1;DTV;K2;;;0;1458660256;0;Oui;;PROD / SAV;CL;SAV/PROD;PO;FT;;FT;C 
FTA;LP PRO AMH;0;DTV;K2;;;0;1458660256;0;Oui;;PROD;CL;PROD  Filtrage;LR;CAFT;1;SE;  
FTC;FTTH PROD ETL+FT CARCA;1;DTV;K2;;;0;1458660256;0;Oui;;PROD;CL;PROD;AU;FT;;FT;C 
FTM;RECEPTION FTTH PROD MONTP;0;DTV;K2;;;0;1458660256;0;Oui;;PROD;CL;PROD;MTP;FT;;ETL;C 
FTN;FTTH PROD+SAV FT NIMES;1;DTV;K2;;;0;1458660256;0;Oui;;PROD;CL;PROD;GA;FT;;FT;C 
FTP;Production FTTH MONTPELLIER;1;DTV;K2;;;0;1458660256;0;Oui;;PROD / SAV;CL;SAV/PROD;LR;FT;;FT;C 
FTS;SAV FT FTTH MTP;1;DTV;K2;;;0;1459401605;0;Oui;;SAV;CL;SAV;LR;FT;;FT;C 
FTT;SAV FT FTTH NIMES;0;DTV;K2;;;0;1458660256;0;Oui;;SAV;CL;SAV;GA;FT;;FT;C 
FTZ;FTTH PROD ETL+FT BEZIERS;1;DTV;K2;;;0;1458660256;0;Oui;;PROD;CL;PROD;BEZI;FT;;FT;C 
FY2;BL/SCOPELEC BL PREV LOZERE PRV;0;DTV;K2;;;0;1458660256;0;Oui;;PROD;BL-PREVENTIF;PROD BL-PREVENTIF;LO;SCOPELEC;;ETL;C 
G11;BL/ SOTRLR GC PO Z1;0;DTV;K2;;;0;1458660256;0;Oui;;PROD;BL-GC;PROD BL-GC;PO;SOTRANASA;;ETL;C 
G12;BL/ SOTRLR GC AUDE Z1;0;DTV;K2;;;0;1458660256;0;Oui;;PROD;BL-GC;PROD BL-GC;BEZI;SOTRANASA;;ETL;C 
G13;BL/ SOTRLR GC BEZ MPTO Z1;0;DTV;K2;;;0;1458660256;0;Oui;;PROD;BL-GC;PROD BL-GC;BSMO;SOTRANASA;;ETL;C 
G41;BL/ SOGELR GC 34 EST Z4;0;DTV;K2;;;0;1458660256;0;Oui;;PROD;BL-GC;PROD BL-GC;MEAL;SOGETREL;;ETL;C 
G45;BL/ SOGELR GC Gard Z4;0;DTV;K2;;;0;1458660256;0;Oui;;PROD;BL-GC;PROD BL-GC;GA;SOGETREL;;ETL;C 
G51;BL/ SCOP48 GC CL KO Z5;0;DTV;K2;;;0;1458660256;0;Oui;;PROD;BL-GC;PROD BL-GC;LO;SCOPELEC;;ETL;C 
GAR;GARAGE ADMIN;0;DTV;K2;Ilot de garage : reception des demandes d intervention en defaut d aiguillage.;;0;1458660256;0;Oui;;;CL;Filtrage;LR;CAFT;1;ETL;C 
GCE;GC EXPERTISE DEL BORRELLO DBE;0;DTV;K2;;;0;1458660256;0;Oui;;PROD / SAV;BL-FT;T BL-FT;LR;FT;;FT;C 
GLB;ENTRAIDE E RS LIVEBOX GARD;0;DTV;K2;;;0;1458660256;0;Oui;;PROD / SAV;CL;T;LR;FT;;FT;C 
GRG;ILOT DE GARAGE;0;DTV;K2;;;0;1458660256;0;Oui;;;CL;Filtrage;LR;CAFT;1;RE;C 
HLB;ENTRAIDE E RS LIVEBOX BEZIERS;0;DTV;K2;;;0;1458660256;0;Oui;;PROD / SAV;CL;T;SMO;FT;;FT;CE
HNO;ERS Travaux Programmés HNO filtrage;0;DTV;K2;;;0;1459152392;0;Oui;;PROD / SAV;ERS;T  Filtrage;LR;CAFT;1;ETL;R 
IAN;Administration CHG;0;DTV;K2;;;0;1458660256;0;Oui;;PROD;CL;PROD  Filtrage;LR;CAFT;1;ETL;C 
IC2;UI-MIXTE CONSTRUCTEL ICR URR;0;DTV;K2;;;0;1458660256;0;Oui;;SAV;BL-CABLE;SAV BL-CABLE;LR;CONSTRUCTEL-ICR;;FT;C 
IC7;BL/ ICR LR SADE URR;0;DTV;K2;;;0;1458660256;0;Oui;;SAV;BL-CABLE;SAV BL-CABLE;LR;SADE-ICR;;FT;C 
IC8;BL/Renforts BL SOGETREL;0;DTV;K2;;;0;1458660256;0;Oui;;SAV;BL-CABLE;SAV BL-CABLE;MPE;SOGETREL;;ETL;C 
ICS;BL/ICR LR BL SCOPELEC URR;0;DTV;K2;;;0;1458660256;0;Oui;;SAV;BL-CABLE;SAV BL-CABLE;LR;FIR_SCOPELEC;;FT;C 
IE1;UI-MIXTE ICR LT CONSTRUCTEL URR;0;DTV;K2;;;0;1458660256;0;Oui;;SAV;CL;SAV;LR;CONSTRUCTEL-ICR;;FT;C 
IE2;UI-MIXTE ICR CONSTRUCTEL LT;0;DTV;K2;;;0;1458660256;0;Oui;;SAV;CL;SAV;LR;CONSTRUCTEL-ICR;;FT;C 
IE7;Renforts GP SADE;0;DTV;K2;;;0;1458660256;0;Oui;;SAV;CL;SAV;LR;SADE-ICR;;FT;C 
IE8;Renforts GP SOGETREL;0;DTV;K2;;;0;1458660256;0;Oui;;SAV;CL;SAV;MPE;SOGETREL;;ETL;C 
IES; ICR_LR LT SCOPELEC ETL;0;DTV;K2;;;0;1458660256;0;Oui;;SAV;CL;SAV;LR;FIR_SCOPELEC;;FT;C 
IYR;BL/Maint Prev attente Travaux GC;0;DTV;K2;;;0;1458660256;0;Oui;;PROD;BL-PREVENTIF;PROD BL-PREVENTIF Filtrag;LR;CAFT;1;ETL;C 
IYS;BL/ICR LR PREVENTIF SCOPELEC;0;DTV;K2;;;0;1458660256;0;Oui;;PROD;BL-PREVENTIF;PROD BL-PREVENTIF;LR;FIR_SCOPELEC;;FT;C 
J11; SOTRLR SAV GTR PO Z1 ETL;0;DTV;K2;;;0;1458660256;0;Oui;;SAV;CL;SAV;PO;SOTRANASA;;ETL;C 
J12; SOTRLR SAV GTR AUDE Z1 ETL;0;DTV;K2;;;0;1458660256;0;Oui;;SAV;CL;SAV;AU;SOTRANASA;;ETL;C 
J13; SOTRLR SAV GTR BEZ Z1 ETL;0;DTV;K2;;;0;1458660256;0;Oui;;SAV;CL;SAV;BEZI;SOTRANASA;;ETL;C 
J14; SOTRLR SAV GTR SETE MTPO ETL;0;DTV;K2;;;0;1458660256;0;Oui;;SAV;CL;SAV;SMO;SOTRANASA;;ETL;C 
J41; SOGELR SAV GTR MTPE VIG ETL;0;DTV;K2;;;0;1458660256;0;Oui;;SAV;CL;SAV;MPE;SOGETREL;;ETL;C 
J45; SOGELR SAV GTR 30 EST Z4 ETL;0;DTV;K2;;;0;1458660256;0;Oui;;SAV;CL;SAV;GA;SOGETREL;;ETL;C 
J51; SCOP48 SAV GTR 48 Z5 ETL;0;DTV;K2;;;0;1458660256;0;Oui;;SAV;CL;SAV;LO;SCOPELEC;;ETL;CE
JAG;JRT PAS + AUV +divers;1;DTV;K2;;;0;1458660256;0;Oui;;PROD;CL;PROD;LO;FT;;FT;C 
JAZ;Ilot Filtrage MOE JAZZ;0;DTV;K2;;;0;1458660256;0;Oui;;;CL;Filtrage;LR;CAFT;1;FT;C 
JRE;Transfert prod  RE;0;DTV;K2;;;0;1458660256;0;Oui;;PROD;CL;PROD  Filtrage;LR;CAFT;1;FT;C 
JSV;UI TRANSFERT GTR;0;DTV;K2;;;0;1458660256;0;Oui;;SAV;BL-CABLE;SAV BL-CABLE Filtrage;LR;CAFT;1;ETL;C 
K11;BL/SAV GC SC URR SOTRLR PO;0;DTV;K2;;;0;1458660256;0;Oui;;SAV;BL-GC;SAV BL-GC;PO;SOTRANASA;;ETL;C 
K12;BL/SAV GC SC URR SOTRLR 11;0;DTV;K2;;;0;1458660256;0;Oui;;SAV;BL-GC;SAV BL-GC;AU;SOTRANASA;;ETL;C 
K13;BL/SAV GC SC URR SOTRLR BZM;0;DTV;K2;;;0;1458660256;0;Oui;;SAV;BL-GC;SAV BL-GC;BSMO;SOTRANASA;;ETL;C 
K41;BL/SAV GC SC URR SOGELR 34E;0;DTV;K2;;;0;1458660256;0;Oui;;SAV;BL-GC;SAV BL-GC;MEAL;SOGETREL;;ETL;C 
K45;BL/SAV GC SC URR SOGELR 30;0;DTV;K2;;;0;1458660256;0;Oui;;SAV;BL-GC;SAV BL-GC;GA;SOGETREL;;ETL;C 
K51;BL/ SAV GC NON-URG URR SCOP48;0;DTV;K2;;;0;1458660256;0;Oui;;SAV;BL-GC;SAV BL-GC;LO;SCOPELEC;;ETL;C 
LG6;SAVGP MAI 66 HD;1;DTV;K2;;;0;1458660256;0;Oui;;SAV;CL;SAV;AUPO;FT;;FT;C 
LOZ;SAVGP UI MIXTE LOZERE GP;1;DTV;K2;;;0;1458660256;0;Oui;;SAV;CL;SAV;LO;FT;;FT;C 
M1P;MAPLE SOTRLR Z1;0;DTV;K2;;;0;1458660256;0;Oui;;PROD;BL-ETU;PROD BL-ETU;AUPO;SOTRANASA;;ETL;C 
M4P;MAPLE SOGELR Z4;0;DTV;K2;;;0;1458660256;0;Oui;;PROD;BL-ETU;PROD BL-ETU;GA;SOGETREL;;ETL;C 
MAL;MAPLE GA ALE;0;DTV;K2;;;0;1458660256;0;Oui;;PROD;BL-ETU;PROD BL-ETU;GALO;CAFT;;FT;C 
MAN;ROUTEUR AMH AMH RS;0;DTV;K2;;;0;1458660256;0;Oui;;PROD / SAV;ERS;T;LR;FT;;FT;CE
MBZ;MAPLE GA BEZ;0;DTV;K2;;;0;1458660256;0;Oui;;PROD;BL-ETU;PROD BL-ETU;SMO;CAFT;;FT;C 
MCA;MAPLE GA CAR;0;DTV;K2;;;0;1458660256;0;Oui;;PROD;BL-ETU;PROD BL-ETU;AUPO;CAFT;;FT;C 
MDP;RS/Mende PROD. RS RSC DTV;0;DTV;K2;;;0;1458660256;0;Oui;;PROD;ERS;PROD;LO;FT;;FT;R 
MDS;RS/Mende SAV RS RSC DTV;0;DTV;K2;;;0;1458660256;0;Oui;;SAV;ERS;SAV;LO;FT;;FT;R 
MFH;RS/filtrage Maintenances FH;0;DTV;K2;;;0;1458660256;0;Oui;;PROD / SAV;ERS;T  Filtrage;MTP;CAFT;1;FT;R 
MI2;SAVGP S/OUEST MTP DTM;1;DTV;K2;;;0;1458660256;0;Oui;;SAV;CL;SAV;MTP;FT;;FT;C 
MI3;SAVGP MTP FT nord ouest DTM;1;DTV;K2;;;0;1458660256;0;Oui;;SAV;CL;SAV;MTP;FT;;FT;C 
MLL;POLE LL MTP DTM RS;0;DTV;K2;;;0;1458660256;0;Oui;;PROD / SAV;ERS;T;MTP;FT;;FT;CE
MMC;µCOM E MTP DTM;0;DTV;K2;;;0;1459152392;0;Oui;;SAV;ERS;SAV;MTP;FT;;FT;CE
MME;MAPLE GA MEN;0;DTV;K2;;;0;1458660256;0;Oui;;PROD;BL-ETU;PROD BL-ETU;GALO;CAFT;;FT;C 
MMO;MAPLE GA MON;0;DTV;K2;;;0;1458660256;0;Oui;;PROD;BL-ETU;PROD BL-ETU;SMO;CAFT;;FT;C 
MNA;MAPLE GA NAR;0;DTV;K2;;;0;1458660256;0;Oui;;PROD;BL-ETU;PROD BL-ETU;AUPO;CAFT;;FT;C 
MNI;MAPLE GA NIM;0;DTV;K2;;;0;1458660256;0;Oui;;PROD;BL-ETU;PROD BL-ETU;GALO;CAFT;;FT;C 
MNP;RS/LIVEBOX ERS MONTPELLIER;0;DTV;K2;;;0;1458660256;0;Oui;;PROD;ERS;PROD;MTP;FT;;FT;R 
MNS;Mont COM EVT SAV RS RSC DTV;0;DTV;K2;;;0;1458660256;0;Oui;;SAV;ERS;SAV;MTP;FT;;FT;CE
MOP;Mont Trans Production RS RSC DTV;0;DTV;K2;;;0;1458660256;0;Oui;;PROD;ERS;PROD;MTP;FT;;FT;CE
MOS;RS/Mont Trans SAV RS RSC DTV;0;DTV;K2;;;0;1458660256;0;Oui;;SAV;ERS;SAV;MTP;FT;;FT;R 
MP1;MICROCOM TDSL LOZERE DT2;0;DTV;K2;;;0;1458660256;0;Oui;;PROD / SAV;ERS;T;MTP;FT;;FT;CE
MPE;MAPLE GA PER;0;DTV;K2;;;0;1458660256;0;Oui;;PROD;BL-ETU;PROD BL-ETU;AUPO;CAFT;;FT;C 
MPO;Administration GPC;0;DTV;K2;;;0;1458660256;0;Oui;;PROD / SAV;CL;T  Filtrage;LR;CAFT;1;ETL;C 
MR4;REP N/EST MTP DTM;1;DTV;K2;;;0;1458660256;0;Oui;;PROD;CL;PROD;MTP;FT;;FT;C 
MV4;MASCOT V4 FILTRAGE;0;DTV;K2;;;0;1458660256;0;Oui;;SAV;CL;SAV  Filtrage;LR;CAFT;1;FT;C 
NAP;RS/Narb Production RS RSC DTV;0;DTV;K2;;;0;1458660256;0;Oui;;PROD;ERS;PROD;AUPO;FT;;FT;R 
NAS;RS/Narb SAV RS RSC DTV;0;DTV;K2;;;0;1458660256;0;Oui;;SAV;ERS;SAV;AUPO;FT;;FT;R 
NES;µcom 30 E DT DT2;0;DTV;K2;;;0;1459152392;0;Oui;;SAV;ERS;SAV;GA;FT;;FT;CE
NIP;RS/Nîmes PROD. RS RSC DTV;0;DTV;K2;;;0;1459152392;0;Oui;;PROD;ERS;PROD;GA;FT;;FT;R 
NIS;RS/Nimes SAV RS RSC DTV;0;DTV;K2;;;0;1458660256;0;Oui;;SAV;ERS;SAV;GA;FT;;FT;R 
NLB;LIVEBOX ERS NARBONNE;0;DTV;K2;;;0;1458660256;0;Oui;;PROD / SAV;CL;T;AUPO;FT;;FT;CE
NN1;FILTRAGE SAV NIMES EST Z DENSE;0;DTV;K2;;;0;1458660256;0;Oui;;SAV;CL;SAV  Filtrage;GA;CAFT;1;ETL;C 
NN2;FILTRAGE SAV NIMES EST Z EPARSE;0;DTV;K2;;;0;1458660256;0;Oui;;SAV;CL;SAV  Filtrage;GA;CAFT;1;ETL;C 
NN3;FILTRAGE RECEPTION SAV GP UZES;0;DTV;K2;;;0;1458660256;0;Oui;;SAV;CL;SAV  Filtrage;GA;CAFT;1;ETL;C 
NNE;SAVGP NIMES EST DT2;1;DTV;K2;;;0;1458660256;0;Oui;;SAV;CL;SAV;GA;FT;;FT;C 
NOT;filtrage sans OT2;0;DTV;K2;;;0;1458660256;0;Oui;;SAV;CL;SAV  Filtrage;LR;CAFT;1;RE;C 
NR1;Traitement NRA SOTRLR;0;DTV;K2;;;0;1458660256;0;Oui;;PROD / SAV;CL;T  Filtrage;LR;CAFT;1;ETL;C 
NR4;Traitement NRA SOGELR;0;DTV;K2;;;0;1458660256;0;Oui;;PROD / SAV;CL;T  Filtrage;LR;CAFT;1;ETL;C 
NRA;Filtrage NRA SAV sur LR;0;DTV;K2;;;0;1458660256;0;Oui;;PROD / SAV;CL;T  Filtrage;LR;CAFT;1;FT;C 
NS1;FILTRG SAV NIMES SO DENSE;0;DTV;K2;;;0;1458660256;0;Oui;;SAV;CL;SAV  Filtrage;GA;CAFT;1;ETL;C 
NS2;FILTRG SAV NIMES SO DISPERSE;0;DTV;K2;;;0;1458660256;0;Oui;;SAV;CL;SAV  Filtrage;GA;CAFT;1;ETL;C 
NS3;FILTRG SAV NIMES SO RURALE;0;DTV;K2;;;0;1458660256;0;Oui;;SAV;CL;SAV  Filtrage;GA;CAFT;1;ETL;C 
NSO;SAVGP NIMES OUEST DT2;1;DTV;K2;;;0;1458660256;0;Oui;;SAV;CL;SAV;GALO;FT;;FT;C 
O11;BL/REMPLAC POTO URR SOTRLR PO;0;DTV;K2;;;0;1458660256;0;Oui;;PROD;BL-POTEAUX;PROD BL-POTEAUX;PO;SOTRANASA;;ETL;C 
O12;BL/REMPLC POTO URR SOTRLR AUDE;0;DTV;K2;;;0;1458660256;0;Oui;;PROD;BL-POTEAUX;PROD BL-POTEAUX;AU;SOTRANASA;;ETL;C 
O13;BL/RPLC POTO SOTRLR URR BZ-MTO;0;DTV;K2;;;0;1458660256;0;Oui;;PROD;BL-POTEAUX;PROD BL-POTEAUX;SMO;SOTRANASA;;ETL;C 
O41;BL/REMPLAC POTO URR SOGELR;0;DTV;K2;;;0;1458660256;0;Oui;;PROD;BL-POTEAUX;PROD BL-POTEAUX;MEAL;SOGETREL;;ETL;C 
O45;BL/RPLC POTO URR SOGELR GARD;0;DTV;K2;;;0;1458660256;0;Oui;;PROD;BL-POTEAUX;PROD BL-POTEAUX;GA;SOGETREL;;ETL;C 
O51;BL/ REMPLAC POTO URR SCOP48;0;DTV;K2;;;0;1458660256;0;Oui;;PROD;BL-POTEAUX;PROD BL-POTEAUX;LO;SCOPELEC;;ETL;C 
OAP;OPTIMISEUR AUDE/PO FILTRAGE;0;DTV;K2;;;0;1458660256;0;Oui;;SAV;CL;SAV  Filtrage;POBZ;CAFT;1;FT;C 
OFB;OPTIMISEUR (CALR)FILTRAGE;0;DTV;K2;;;0;1458660256;0;Oui;;SAV;CL;SAV  Filtrage;AUPO;CAFT;1;FT;C 
OFH;Prod+Niv 2 FH FILTRAGE;0;DTV;K2;;;0;1458660256;0;Oui;;PROD / SAV;ERS;T;LR;FT;;FT;R 
OFO;Prod+Mnt FO FILTRAGE;0;DTV;K2;;;0;1458660256;0;Oui;;PROD / SAV;BL-FT;T BL-FT;LR;FT;;FT;R 
OGL;OPTIMISEUR GARD/LOZERE FILTRAG;0;DTV;K2;;;0;1458660256;0;Oui;;SAV;CL;SAV  Filtrage;GA;CAFT;1;FT;C 
OMB;OPTIMISEUR MONTP/BEZIERS FILTR;0;DTV;K2;;;0;1458660256;0;Oui;;SAV;CL;SAV  Filtrage;MTP;CAFT;1;FT;C 
OPI;Optimiseur POI PPBL;0;DTV;K2;;;0;1458660256;0;Oui;;PROD;BL-PRODUCTION;PROD BL-PRODUCTION Filtra;LR;CAFT;1;FT;C 
OPN;Optimiseur ProductioN;0;DTV;K2;;;0;1458660256;0;Oui;;PROD;CL;PROD  Filtrage;LR;CAFT;1;FT;C 
OPR;RS/Operation Reseau RSC DTV;0;DTV;K2;;;0;1458660256;0;Oui;;PROD / SAV;CL;T  Filtrage;LR;CAFT;1;FT;CE
ORS;RS/OSM Tx divers RS(COM/MUX);0;DTV;K2;;;0;1458660256;0;Oui;;PROD / SAV;ERS;T;LR;FT;;FT;R 
OSM;UI PROD TDSL CEGETEL AMH;0;DTV;K2;;;0;1458660256;0;Oui;;PROD;CL;PROD  Filtrage;LR;CAFT;1;SE;  
P+E;RECEPTION FILTRAGE P+E;0;DTV;K2;;;0;1458660256;0;Oui;;SAV;CL;SAV  Filtrage;LR;CAFT;1;ETL;C 
P11;BL/ SOTRLR POI PO Z1 URR;0;DTV;K2;;;0;1458660256;0;Oui;PPBL;PROD;BL-PRODUCTION;PROD BL-PRODUCTION;AUPO;SOTRANASA;;FT;R 
P12;BL/ SOTRLR POI 11 Z1 URR;0;DTV;K2;;;0;1458660256;0;Oui;PPBL;PROD;BL-PRODUCTION;PROD BL-PRODUCTION;AUPO;SOTRANASA;;FT;R 
P13;BL/ SOTRLR POI BEZ MPTO Z1 URR;0;DTV;K2;;;0;1458660256;0;Oui;PPBL;PROD;BL-PRODUCTION;PROD BL-PRODUCTION;BSMO;SOTRANASA;;FT;R 
P41;BL/ SOGELR POI 34EST URR;0;DTV;K2;;;0;1458660256;0;Oui;PPBL;PROD;BL-PRODUCTION;PROD BL-PRODUCTION;MPE;SOGETREL;;FT;R 
P45;BL/ SOGELR POI Gard Z4 URR;0;DTV;K2;;;0;1458660256;0;Oui;PPBL;PROD;BL-PRODUCTION;PROD BL-PRODUCTION;GA;SOGETREL;;FT;R 
P51;BL/ SCOP48 POI LOZERE Z5 URR;0;DTV;K2;;;0;1458660256;0;Oui;PPBL;PROD;BL-PRODUCTION;PROD BL-PRODUCTION;LO;SCOPELEC;;FT;R 
P76;PUB SOGETREL;0;DTV;K2;;;0;1458660256;0;Oui;;PROD / SAV;CL;T;LR;SOGETREL;;ETL;C 
PAS;FILTRAGE PROD/SAV LR;0;DTV;K2;;;0;1458660256;0;Oui;;SAV;CL;SAV  Filtrage;LR;CAFT;1;ETL;C 
PAV;previsite FTH;0;DTV;K2;;;;1458660256;;;;;;;;;;FT;C 
PBL;UI Poubelle pour TRE;0;DTV;K2;;;0;1458660256;0;Oui;;PROD;BL-FT;PROD BL-FT Filtrage;LR;CAFT;1;ETL;C 
PCO;Pour GEDERCO;0;DTV;K2;;;0;1458660256;0;Oui;;;BL-FT;BL-FT Filtrage;LR;CAFT;1;FT;C 
PFD;Rec PFGDGT DRIL Lozere;0;DTV;K2;;;0;1458660256;0;Oui;;SAV;CL;;LO;CAFT;1;FT;C 
PFG;Rec PFGDGT DPRC Gard;0;DTV;K2;;;0;1458660256;0;Oui;;SAV;CL;;GA;CAFT;1;FT;C 
PFM;Rec PFGDGT DPRC Mtp Med;0;DTV;K2;;;0;1458660256;0;Oui;;SAV;CL;;MTP;CAFT;1;FT;C 
PFP;Rec PFGDGT DPRC Pays d'Oc;0;DTV;K2;;;0;1458660256;0;Oui;;SAV;CL;;AUBZ;CAFT;1;FT;C 
PFR;Rec PFGDGT DPRC Roussillon;0;DTV;K2;;;0;1458660256;0;Oui;;SAV;CL;;PO;CAFT;1;FT;C 
PH1;CAblage immeuble Fibre SOTRLR;0;DTV;K2;;;0;1458660256;0;Oui;;PROD;BL-PRODUCTION;PROD BL-PRODUCTION;AUPO;SOTRANASA;;ETL;R 
PH4;CAblage immeuble fibre SOGELR;0;DTV;K2;;;0;1458660256;0;Oui;;PROD;BL-PRODUCTION;PROD BL-PRODUCTION;MEAL;SOGETREL;;ETL;R 
PH5;CAblage immeuble Fibre SCOP48;0;DTV;K2;;;0;1458660256;0;Oui;;PROD;BL-PRODUCTION;PROD BL-PRODUCTION;LO;SCOPELEC;;ETL;R 
PID;UI TEST PIDI;0;DTV;K2;;;0;1458660256;0;Oui;;;CL;Filtrage;LR;CAFT;1;ETL;C 
PIL;PILOTAGE LP PRO AMH;0;DTV;K2;;;0;1458660256;0;Oui;;PROD;CL;PROD  Filtrage;LR;CAFT;1;SE;  
PIO;SAV EXPERT PABX LR;0;DTV;K2;;;0;1458660256;0;Oui;;SAV;ERS;SAV;LR;FT;;FT;CE
PIV;Tampon OPITML UPR;0;DTV;K2;;;0;1458660256;0;Oui;;PROD / SAV;ERS;T;LR;CAFT;;FT;R 
PLB;ENTRAIDE ERS LIVEBOX PO;0;DTV;K2;;;0;1458660256;0;Oui;;PROD / SAV;CL;T;AUPO;FT;;FT;CE
PLR;POI LR SAUF PLU;0;DTV;K2;QRL;;0;1458660256;0;Oui;;;BL-PRODUCTION;QRL BL-PRODUCTION;LR;FT;;FT;R 
PO1;FILTRAGE SAV PO1;0;DTV;K2;;;0;1458660256;0;Oui;;SAV;CL;SAV  Filtrage;AUPO;CAFT;1;ETL;C 
PO2;FILTRAGE SAV PO2;0;DTV;K2;;;0;1458660256;0;Oui;;SAV;CL;SAV  Filtrage;AUPO;CAFT;1;ETL;C 
PO3;FILTRAGE SAV PO3;0;DTV;K2;;;0;1458660256;0;Oui;;SAV;CL;SAV  Filtrage;AUPO;CAFT;1;ETL;C 
POE;REO PRODUCTION;0;DTV;K2;;;0;1458660256;0;Oui;;PROD;BL-CABLE;PROD BL-CABLE Filtrage;LR;CAFT;1;ETL;C 
POI;Affectation des POI avec OT clients associés; ;DTV;K2;QRL;;0;1459152392;0;Oui;;;BL-PRODUCTION;QRL BL-PRODUCTION;LR;FT;;SE;  
PPC;Suppression PROD > Admin FACOLTOSO;0;DTV;K2;;;0;1458660256;0;Oui;;PROD;CL;PROD  Filtrage;LR;CAFT;1;FT;C 
PPO;MP FIR SCOPELEC AHD;0;DTV;K2;;;0;1458660256;0;Oui;;SAV;BL-FT;SAV BL-FT Filtrage;LO;SCOPELEC;1;SE;  
PPR;BL/POUBELLE POLE RESEAU URR;0;DTV;K2;;;0;1458660256;0;Oui;;;BL-CABLE;BL-CABLE Filtrage;LR;CAFT;1;FT;C 
PPT;plan poto reserve;0;DTV;K2;;;0;1458660256;0;Oui;;PROD;BL-POTEAUX;PROD BL-POTEAUX;AUPO;CAFT;;ETL;C 
PPU;PROD RE PO AHD;1;DTV;K2;;;0;1458660256;0;Oui;;PROD / SAV;CL;T;AUPO;FT;;FT;C 
PR1;BL/TAMPON POI-REO GC Sotra;0;DTV;K2;TAMPON POI réo GC Sotra.;;0;1458660256;0;Oui;PPBL;;BL-PRODUCTION;TAMPON POI BL-PRODUCTION;AUPO;CAFT;1;FT;R 
PR2;BL/TAMPON POI-REO Etudes;0;DTV;K2;TAMPON POI;;0;1458660256;0;Oui;PPBL;;BL-PRODUCTION;TAMPON POI BL-PRODUCTION;AUPO;CAFT;1;FT;R 
PR3;BL/TAMPON POI-REO GC Client;0;DTV;K2;TAMPON POI;;0;1458660256;0;Oui;PPBL;;BL-PRODUCTION;TAMPON POI BL-PRODUCTION;SMO;CAFT;1;FT;R 
PR4;BL/TAMPON POI-REO GC Sogetr;0;DTV;K2;TAMPON POI;;0;1458660256;0;Oui;PPBL;;BL-PRODUCTION;TAMPON POI BL-PRODUCTION;MTP;CAFT;1;FT;R 
PR5;BL/TAMPON POI-REO GC Scop;0;DTV;K2;TAMPON POI;;0;1458660256;0;Oui;PPBL;;BL-PRODUCTION;TAMPON POI BL-PRODUCTION;LO;CAFT;1;FT;R 
PR6;BL/TAMPON POI Divers;0;DTV;K2;TAMPON POI;;0;1458660256;0;Oui;PPBL;;BL-PRODUCTION;TAMPON POI BL-PRODUCTION;LO;CAFT;1;FT;R 
PRD;PILOT RETAB DCO RS DTV;0;DTV;K2;;;0;1458660256;0;Oui;;PROD / SAV;CL;T  Filtrage;LR;CAFT;1;FT;C 
PRE;filtrage des PREDGT;0;DTV;K2;;;;1458660256;;;;;;;;;;FT;C 
PRP;RS/Perpi Production RSC DTV;0;DTV;K2;;;0;1458660256;0;Oui;;PROD;ERS;PROD;AUPO;FT;;FT;R 
PRS;Perpi SAV RS RSC DTV;0;DTV;K2;;;0;1458660256;0;Oui;;SAV;ERS;SAV;AUPO;FT;;FT;R 
PUB;UI PUB FILTRAGE SAVGP;1;DTV;K2;;;0;1458660256;0;Oui;;PROD;CL;PROD;AUPO;CAFT;;FT;C 
PUM;PUB QRL MTP DTM;0;DTV;K2;QRL;;0;1458660256;0;Oui;;;CL;QRL;LR;FT;;SE;  
PUP;PUB 11-66 AHD;0;DTV;K2;;;0;1458660256;0;Oui;;PROD / SAV;CL;T;AUPO;FT;;SE;  
PX4;SOGETREL cablage client IP;0;DTV;K2;;;0;1458660256;0;Oui;;SAV;ERS;SAV;GA;SOGETREL;;ETL;C 
QR0;UI FILTRAGE REP AMH;0;DTV;K2;;;0;1458660256;0;Oui;;PROD / SAV;CL;T  Filtrage;LR;CAFT;1;RE;C 
QR2;Filtrage  Prod LT  ss OT;0;DTV;K2;;;0;1458660256;0;Oui;;;;;LR;;;RE;C 
QRL;QRL origine FT DT2;0;DTV;K2;QRL;;0;1458660256;0;Oui;;;BL-CABLE;QRL BL-CABLE;LR;FT;;FT;C 
R00;UI def REGION LR AMH;0;DTV;K2;;;0;1458660256;0;Oui;;PROD / SAV;CL;T  Filtrage;LR;CAFT;1;FT;C 
R02;rgpt R10 R02 automt UGPC AMH;0;DTV;K2;;;0;1458660256;0;Oui;;PROD;CL;PROD  Filtrage;LR;CAFT;1;ETL;C 
R03;Reception R03 Orange;0;DTV;K2;;;0;1458660256;0;Oui;;PROD;CL;;LR;CAFT;1;FT;C 
R11; SOTRLR PROD R10 R+WS PO Z1;0;DTV;K2;;;0;1458660256;0;Oui;;PROD;CL;PROD;PO;SOTRANASA;;ETL;C 
R12; SOTRLR PROD R10R+WS 11;0;DTV;K2;;;0;1458660256;0;Oui;;PROD;CL;PROD;AU;SOTRANASA;;ETL;C 
R13; SOTRLR PROD R10 R+WS BEZMTPO;0;DTV;K2;;;0;1458660256;0;Oui;;PROD;CL;PROD;BEZI;SOTRANASA;;ETL;C 
R41; SOGELR PROD R10 R+WS MTPO VIG;0;DTV;K2;;;0;1458660256;0;Oui;;PROD;CL;PROD;MPE;SOGETREL;;ETL;C 
R45; SOGELR PROD R10 R+WS 30 Z4;0;DTV;K2;;;0;1458660256;0;Oui;;PROD;CL;PROD;GA;SOGETREL;;ETL;C 
RAI;Prods  RAI;0;DTV;K2;;;0;1458660256;0;Oui;;PROD;ERS;PROD  Filtrage;LR;CAFT;1;FT;R 
RSV;Transfert FILTRAGE AUDE PO;0;DTV;K2;;;0;1458660256;0;Oui;;SAV;CL;SAV  Filtrage;AUPO;CAFT;1;ETL;C 
RUE;Rendez-vous Unique Entreprise;0;DTV;K2;;;1459315204;;;;;;;;;;;RE;C 
RVU;GARAGE RDVUNIQ;0;DTV;K2;rdv unique;;0;1458660256;0;Oui;;PROD;ERS;PROD  Filtrage;LR;CAFT;1;ETL;CE
SAV; FILTRAGE FIA SAV+;0;DTV;K2;;;0;1458660256;0;Oui;;SAV;CL;SAV  Filtrage;LR;CAFT;1;FT;C 
SH1;BL/SAV BL FTTH SOTRLR;0;DTV;K2;;;0;1458660256;0;Oui;;SAV;BL-CABLE;SAV BL-CABLE;AUPO;SOTRANASA;;ETL;C 
SH4;BL/SAV BL FTTH SOGELR ETL Z4;0;DTV;K2;;;0;1458660256;0;Oui;;SAV;BL-CABLE;SAV BL-CABLE;MPE;SOGETREL;;ETL;C 
SO1;Soutiens PO;0;DTV;K2;;;0;1458660256;0;Oui;;SAV;CL;SAV;LR;FT;;FT;C 
SO2;Soutiens Aude Béziers;0;DTV;K2;;;0;1459152392;0;Oui;;SAV;CL;SAV;LR;FT;;FT;C 
SO3;Soutiens Montpellier;0;DTV;K2;;;0;1458660256;0;Oui;;SAV;CL;SAV;LR;FT;;FT;C 
SO4;Soutiens Gard Lozère;0;DTV;K2;;;0;1459152392;0;Oui;;SAV;CL;SAV;LR;FT;;FT;C 
SOU;UI DES SOUTIENS FILTRAGE;0;DTV;K2;;;0;1458660256;0;Oui;;SAV;CL;SAV  Filtrage;LR;FT;1;FT;C 
SPS;FILTRAGE DOUBLONS GRANIER;0;DTV;K2;;;0;1458660256;0;Oui;;SAV;CL;SAV  Filtrage;LR;CAFT;1;ETL;C 
SPV;ATTENTE MATERIEL ERS LR;0;DTV;K2;;;0;1458660256;0;Oui;;SAV;ERS;SAV  Filtrage;LR;CAFT;1;FT;CE
SUI;SOUTIENS ERS;0;DTV;K2;;;0;1458660256;0;Oui;;PROD / SAV;ERS;T;LR;FT;;FT;CE
SVA;REP SVA SAV+PROD > FILTRAGE;0;DTV;K2;;;0;1458660256;0;Oui;;PROD / SAV;CL;SAV/PROD  Filtrage;AUPO;CAFT;1;ETL;C 
T11; SOTRLR RE PO Z1;0;DTV;K2;;;0;1458660256;0;Oui;;PROD;CL;PROD;PO;SOTRANASA;;ETL;C 
T12; SOTRLR RE AUDE Z1;0;DTV;K2;;;0;1458660256;0;Oui;;PROD;CL;PROD;AU;SOTRANASA;;ETL;C 
T13; SOTRLR RE BEZ MTPO Z1;0;DTV;K2;;;0;1458660256;0;Oui;;PROD;CL;PROD;BEZI;SOTRANASA;;ETL;C 
T41; SOGELR RE MTPR VIG Z4;0;DTV;K2;;;0;1458660256;0;Oui;;PROD;CL;PROD;MPE;SOGETREL;;ETL;C 
T45; SOGELR RE NIM ALE 30 Z4;0;DTV;K2;;;0;1458660256;0;Oui;;PROD;CL;PROD;GA;SOGETREL;;ETL;C 
TB1;BL/ SOTRLR URR;0;DTV;K2;;;0;1459401605;0;Oui;;SAV;BL-CABLE;SAV BL-CABLE Filtrage DRI;PO;SOTRANASA;DRING;ETL;C 
TB4;BL/ SOGELR URR;0;DTV;K2;;;0;1459401605;0;Oui;;SAV;BL-CABLE;SAV BL-CABLE Filtrage DRI;MPE;SOGETREL;DRING;ETL;C 
TB5;BL/ SCOP48 LOZERE URR;0;DTV;K2;;;0;1459401605;0;Oui;;SAV;BL-CABLE;SAV BL-CABLE Filtrage DRI;GALO;SCOPELEC;DRING;ETL;C 
TBL;BL/TRANSFERT BL VIGAN;0;DTV;K2;;;0;1458660256;0;Oui;;;BL-CABLE;BL BL-CABLE Filtrage;GALO;CAFT;1;ETL;C 
TBS;BL/TREIN BL FISCO2 URR;0;DTV;K2;;;0;1458660256;0;Oui;;SAV;BL-CABLE;SAV BL-CABLE Filtrage DRI;LR;FIR_SCOPELEC;DRING;ETL;C 
TR1; SOTRLR TREIN DRING ETL;0;DTV;K2;;;0;1458660256;0;Oui;;SAV;CL;SAV  Filtrage DRING;AUPO;SOTRANASA;DRING;ETL;C 
TR4; SOGELR TREIN DRING ETL;0;DTV;K2;;;0;1458660256;0;Oui;;SAV;CL;SAV  Filtrage DRING;GA;SOGETREL;DRING;ETL;C 
TR5;TREIN DRING GP SCOP48;0;DTV;K2;;;0;1458660256;0;Oui;;SAV;CL;SAV  Filtrage DRING;LO;SCOPELEC;DRING;ETL;C 
TRL;FILTRAGE TRLC;0;DTV;K2;;;0;1458660256;0;Oui;;PROD;CL;PROD  Filtrage;LR;CAFT;1;RE;C 
TSV;TRANSFERT FILTRAGE VERS FT;0;DTV;K2;;;0;1458660256;0;Oui;;SAV;CL;SAV  Filtrage;LR;CAFT;1;FT;C 
UMR;BL/Montpellier BL URR DTV;0;DTV;K2;;;0;1458660256;0;Oui;;SAV;BL-FT;SAV BL-FT;MTP;FT;;FT;C 
UPR;FILTRAGE RS LR;0;DTV;K2;;;0;1458660256;0;Oui;;PROD / SAV;ERS;T  Filtrage;LR;CAFT;1;FT;R 
URA;BL/BL FT AUDE URR;0;DTV;K2;;;0;1458660256;0;Oui;;SAV;BL-FT;SAV BL-FT;AUPO;FT;;FT;C 
URN;BL/Nimes BL URR DTV;0;DTV;K2;;;0;1458660256;0;Oui;;SAV;BL-FT;SAV BL-FT;GALO;FT;;FT;C 
VBL;UI stockage VQSE BL;0;DTV;K2;;;0;1458660256;0;Oui;;;BL-FT;BL-FT Filtrage;LR;CAFT;1;ETL;C 
VDS;retrofit SAV VDSL;0;DTV;K2;;;0;1458660256;0;Oui;;SAV;CL;SAV;LR;CAFT;;ETL;C 
VQS;VQSE FTTH VT;1;DTV;K2;;;0;1458660256;0;Oui;;PROD;CL;PROD;LR;FT;;FT;C 
VSL;FILTRAGE R02-R03 VSL+VNN+VNU;0;DTV;K2;;;0;1458660256;0;Oui;;PROD / SAV;CL;T  Filtrage;LR;CAFT;1;FT;C 
WAP;TIC E RS PO;0;DTV;K2;;;0;1458660256;0;Oui;;SAV;ERS;SAV;AUPO;FT;;FT;CE
WHO;FILTRAGE W MASCOT;0;DTV;K2;;;0;1458660256;0;Oui;;PROD / SAV;CL;T  Filtrage;LR;CAFT;1;FT;C 
WSC;JRT-OSM SAUR AXA FERRERO;0;DTV;K2;;;0;1458660256;0;Oui;;PROD;CL;PROD;LR;CAFT;;RE;C 
WSO;GAMOT TEST LIGNE;0;DTV;K2;;;0;1458660256;0;Oui;;PROD / SAV;CL;T  Filtrage;LR;CAFT;1;SE;  
X1B;DOLMEN R02 DGT/DTP SOTRLR;0;DTV;K2;;;0;1458660256;0;Oui;;PROD;CL;PROD;AUPO;SOTRANASA;;RE;C 
X1C;CHABLIS R02 DGT/DTP SOTRLR;0;DTV;K2;;;0;1458660256;0;Oui;;PROD;CL;PROD;AUPO;SOTRANASA;;RE;C 
X1L;COMPL. R02 DGT/DTP SOTRLR;0;DTV;K2;;;0;1458660256;0;Oui;;PROD;CL;PROD;AUPO;SOTRANASA;;RE;C 
X4B;DOLMEN R02 DGT/DTP SOGELR;0;DTV;K2;;;0;1458660256;0;Oui;;PROD;CL;PROD;MPE;SOGETREL;;RE;C 
X4C;CHABLIS R02 DGT/DTP SOGELR;0;DTV;K2;;;0;1458660256;0;Oui;;PROD;CL;PROD;MPE;SOGETREL;;RE;C 
X4L;COMPL. R02 DGT/DTP SOGELR;0;DTV;K2;;;0;1458660256;0;Oui;;PROD;CL;PROD;MPE;SOGETREL;;RE;C 
X5B;DOLMEN R02 DGT/DTP SCOP48;0;DTV;K2;;;0;1458660256;0;Oui;;PROD;CL;PROD;LO;SCOPELEC;;RE;C 
X5C;CHABLIS R02 DGT/DTP SCOP48;0;DTV;K2;;;0;1458660256;0;Oui;;PROD;CL;PROD;LO;SCOPELEC;;RE;C 
X5L;COMPL. R02 DGT/DTP SCOP48;0;DTV;K2;;;0;1458660256;0;Oui;;PROD;CL;PROD;LO;SCOPELEC;;RE;C 
Y11;BL/ SOTRLR BL Prev PO Z1 PRV;0;DTV;K2;;;0;1458660256;0;Oui;;PROD;BL-PREVENTIF;PROD BL-PREVENTIF;PO;SOTRANASA;;ETL;C 
Y12;BL/ SOTRLR BL Prev 11 Z1 PRV;0;DTV;K2;;;0;1458660256;0;Oui;;PROD;BL-PREVENTIF;PROD BL-PREVENTIF;AUBZ;SOTRANASA;;ETL;C 
Y13;BL/ SOTRLR BL Prev Z1 MTPO PRV;0;DTV;K2;;;0;1458660256;0;Oui;;PROD;BL-PREVENTIF;PROD BL-PREVENTIF;BSMO;SOTRANASA;;ETL;C 
Y41;BL/ SOGELR BL Prev MTPE PRV;0;DTV;K2;;;0;1458660256;0;Oui;;PROD;BL-PREVENTIF;PROD BL-PREVENTIF;MEAL;SOGETREL;;ETL;C 
Y45;BL/ SOGELR BL PREV GARD PRV;0;DTV;K2;;;0;1458660256;0;Oui;;PROD;BL-PREVENTIF;PROD BL-PREVENTIF;GA;SOGETREL;;ETL;C 
Y51;BL/ SCOP48 BL PREV LOZERE PRV;0;DTV;K2;;;0;1458660256;0;Oui;;PROD;BL-PREVENTIF;PROD BL-PREVENTIF;LO;SCOPELEC;;ETL;C 
=======
09L;LL + TDSL ARIEGE;0;TF7;T1;Activité E dpt 09 et 31s;;0;1459418524;0;Oui;CACER;PROD / SAV;E;Routeur et LL;;Orange;;FT;CE
12L;LL + TDSL Aveyron;1;TF7;T1;Activité E Dpt 12;;0;1458660256;0;Oui;CACER;PROD / SAV;E;Routeur et LL;;Orange;;FT;CE
12R;BL/ SOCAMP ui poi aveyron;0;TF7;T1;;;0;1458660256;0;Non;CA BL;PROD;BL;UI de POI;;;;ETL;CE
31P;Prod Entreprise TLSE N/S;0;TF7;T1;Prod routeur TLSE;;0;1458660256;0;Oui;CACER;PROD;E;Routeur et LL;;Orange;;FT;CE
31S;SAV Entreprise TLSE N/S;0;TF7;T1;SAV Routeur TLSE;;0;1458660256;0;Oui;CACER;SAV;E;Routeur et LL;;Orange;;FT;CE
32L;LL + TSL Gers;0;TF7;T1;Activité E dpt 32;;0;1458660256;0;Oui;CACER;PROD / SAV;E;Routeur et LL;;Orange;;FT;CE
38T;RS/miroir TRANS;0;TF7;T1;Ilot de stockage lié à RST;;0;1458660256;0;?;CACER;PROD;RS;;;;;FT;R 
39S;Transit Raccord POI pour C31;0;TF7;T1;Claudine AURIERES place des raccordements de POI qui peuvent être fait par les techniciens Orange (Sur C31, Toulouse uniquement). Sylvie BOYER regarde tous les jours cet îlot pour affecter ces raccordements aux techniciens Orange. Cela permet aux conducteurs d'activités BL de faire du tri dans les bandeaux. Jacques Sabatier est au courant.
Commentaire de Jacques Sabatier à ZZZ PROG POI URR le 11/05/2015 : Les chantiers raccordement fibre sur Toulouse sont à envoyer sur 39S. Cela permet de ne pas engorger C31. Sylvie se charge de gérer les chantiers;;0;1458660256;0;Oui;CA BL;PROD;BL;;;;;FT;R 
46L;LL + TDSL Lot;1;TF7;T1;Activité E dpt 46;;0;1458660256;0;Oui;CACER;PROD / SAV;E;Routeur et LL;;Orange;;FT;CE
65L;LL + TSL Hte Pyr;0;TF7;T1;Activité E dpt 65;;0;1458660256;0;Oui;CACER;PROD / SAV;E;Routeur et LL;;Orange;;FT;CE
81L;LL + TDSL TARN;0;TF7;T1;Activité E dpt 81;;0;1458660256;0;Oui;CACER;PROD / SAV;E;Routeur et LL;;Orange;;FT;CE
81R;BL/SCOPMP ui poi scopelec tarn;0;TF7;T1;;;0;1458660256;0;Non;CA BL;PROD;BL;UI de POI;;;;ETL;CE
82L;LL + TDSL T et G;0;TF7;T1;Activité E dpt 82;;0;1458660256;0;Oui;CACER;PROD / SAV;E;Routeur et LL;;Orange;;FT;CE
9CS;ui tampon recup 9 cegetel;0;TF7;T1;;Plan de charge non ouvert, à supprimer ?;0;1458660256;0;?;CACER;;;;;;;FT;CE
ABS;ui procedure abs-rmc pilotage;0;TF7;T1;;;0;1461734406;0;?;CA GD;;;;;;;ETL;C 
AC7;BL/réo GERS;0;TF7;T1;;Pas BL vu avec Jacques Sabatier;0;1459152392;0;Non;;;;;;;;FT;R 
AC8;RS/miroir GERS;0;TF7;T1;ilot de stockage lié à AC9;;0;1458660256;0;Oui;CACER;PROD;RS;;;;;FT;R 
AC9;RS/exploitation GERS;0;TF7;T1;Activité RS dpt 32;;0;1458660256;0;Oui;CACER;PROD / SAV;RS;;;;;FT;R 
ACC;der co reseau struct;0;TF7;T1;;;0;1458660256;0;Oui;CACER;;;;;;;ETL;R 
ADM;UI RESERVEE ADMIN GPC PR TESTS;0;TF7;T1;;;0;1464672005;0;Oui;Admin GPC;;Admin;;;;;FT;C 
ANA;Validés Analystes;0;TF7;T1;;Plan de charge non ouvert, à supprimer ?;0;1459152392;0;?;CACER;;;;;;;ETL;R 
AP1; SOCAMP r10 aveyron rodez; ;TF7;T1;test de mise à jour;;0;1458660256;0;Non;CA GD;PROD;GD;PABX;;SCOTF7;;ETL;C 
AQR;BL/UI BL tampon QRL analyste;0;TF7;T1;;;0;1458660256;0;Oui;CA BL;;BL;;;;;ETL;R 
ARX;PABX RODEZ;1;TF7;T1;Activité Pabx dpt 12;;0;1458660256;0;Oui;CACER;PROD / SAV;E;PABX;;Orange;;FT;CE
AU7;RS/réo MILLAU_RODEZ;0;TF7;T1;ilot de stockage lié à AU9;;0;1459152392;0;Oui;CACER;PROD;RS;;;;;FT;R 
AU8;RS/miroir MILLAU_RODEZ;0;TF7;T1;ilot de stockage lié à AU9;;0;1458660256;0;Oui;CACER;PROD;RS;;;;;FT;R 
AU9;RS/exploitation MILLAU_RODEZ;0;TF7;T1;Activité RS dpt 12;;0;1458660256;0;Oui;CACER;PROD / SAV;RS;;;;;FT;R 
AVT;ATT RETOUR VT URR;0;TF7;T1;;;0;1458660256;0;?;;;;UI de type SE (Boite au lettre);;;;SE;  
B09;BL/ SADTF7 ARIEGE;0;TF7;T1;;;0;1458660256;0;Oui;CA BL;SAV;BL;UI BL ETR;_09;SADTF7;;ETL;CE
B12;BL/ SCOTF7 AVEYRON;0;TF7;T1;;;0;1458660256;0;Oui;CA BL;SAV;BL;UI BL ETR;12;SCOTF7;;ETL;CE
B31;BL/ SADTF7 31SUD;0;TF7;T1;;;0;1458660256;0;Oui;CA BL;SAV;BL;UI BL ETR;31Sud;SADTF7;;ETL;CE
B32;BL/ SADTF7 GERS;0;TF7;T1;;;0;1458660256;0;Oui;CA BL;SAV;BL;UI BL ETR;32;SADTF7;;ETL;CE
B3N;BL/ SCOTF7 TLSE NORD + 31 NORD;0;TF7;T1;;;0;1458660256;0;Oui;CA BL;SAV;BL;UI BL ETR;Tlse_Nord;SCOTF7;;ETL;CE
B3S;BL/ SADTF7 TOULOUSE SUD;0;TF7;T1;;;0;1458660256;0;Oui;CA BL;SAV;BL;UI BL ETR;Tlse_Sud;SADTF7;;ETL;CE
B46;BL/ SCOTF7 LOT;0;TF7;T1;;;0;1458660256;0;Oui;CA BL;SAV;BL;UI BL ETR;46;SCOTF7;;ETL;CE
B65;BL/ SADTF7 HTES PYRENEES;0;TF7;T1;;;0;1458660256;0;Oui;CA BL;SAV;BL;UI BL ETR;65;SADTF7;;ETL;CE
B81;BL/ SCOTF7 TARN;0;TF7;T1;;;0;1458660256;0;Oui;CA BL;SAV;BL;UI BL ETR;81_Gble;SCOTF7;;ETL;CE
B82;BL/ SCOTF7 TARN ET GARONNE;0;TF7;T1;;;0;1458660256;0;Oui;CA BL;SAV;BL;UI BL ETR;82;SCOTF7;;ETL;CE
BCN;CHABLIS Zone Nord SCOTF7;0;TF7;T1;;;0;1458660256;0;Oui;;PROD;GD;;;SCOTF7;;ETL;CE
BCS;CHABLIS Zone Sud SADTF7;0;TF7;T1;;;0;1458660256;0;Oui;;PROD;GD;;;SADTF7;;ETL;CE
BTN;DOLMEN Zone Nord SCOTF7;0;TF7;T1;;;0;1458660256;0;Oui;;PROD;GD;;;SCOTF7;;ETL;CE
BTS;DOLMEN Zone Sud SADTF7;0;TF7;T1;;;0;1458660256;0;Oui;;PROD;GD;;;SADTF7;;ETL;CE
BYC;CHABLIS;0;TF7;T1;Réceptionne les R02ANU avec dans le bloc OT marqué [CHAB], puis elles sont déplacé en fonction de la zone nord ou sud vers BCS ou BCN. Attention au listes de centre dans UGPC 31/32;;0;1458660256;0;Oui;UI Nat;PROD;GD;;;;;RE;C 
BYT;DOLMEN;0;TF7;T1;Réceptionne les R02 avec dans le bloc OT marqué [MIGB], puis elles sont déplacé en fonction de la zone nord ou sud vers BTS ou BTN. Attention au listes de centre dans UGPC 31/32;;0;1458660256;0;Oui;UI Nat;PROD;GD;;;;;RE;C 
C12;BL/ FT AVEYRON;0;TF7;T1;Pour tech OBS;Pour tech OBS;0;1458660256;0;Oui;CA BL;SAV;BL;UI RS BL (URR Câble);;Orange;;FT;CE
C31;BL/ FT TOULOUSE;0;TF7;T1;UI BL Orange;Pour tech OBS;0;1458660256;0;Oui;CA BL;SAV;BL;UI RS BL (URR Câble);;Orange;;FT;CE
C65;BL/ FT POUR 65-32-31S;0;TF7;T1;UI BL Orange;Pour tech OBS;0;1458660256;0;Oui;CA BL;SAV;BL;UI RS BL (URR Câble);;Orange;;FT;CE
C81;BL/ FT TARN;0;TF7;T1;UI BL Orange;Pour tech OBS;0;1458660256;0;Oui;CA BL;SAV;BL;UI RS BL (URR Câble);;Orange;;FT;CE
C82;BL/ FT TARN ET GARONNE;0;TF7;T1;UI BL Orange;Pour tech OBS;0;1458660256;0;Oui;CA BL;SAV;BL;UI RS BL (URR Câble);;Orange;;FT;CE
CBL;UI nat:CABLE BL MP FLASH Resea;0;TF7;T1;;;0;1458660256;0;Non;UI Nat;;;;;;;ETL;R 
CPL;COMPLETEL;0;TF7;T1;Réceptionne les R02 DGT avec dans le bloc OT marqué [MIGSE]. Elles ne sont pas encore déplacé nord/sud  vers CPN et CPS. Attention aux listes de centres dans UGPC 31/32 - (28/07/2015);;0;1458660256;0;Oui;UI Nat;PROD;GD;;;;;RE;C 
CPN;COMPLETEL Zone Nord SCOTF7;0;TF7;T1;;;0;1458660256;0;Oui;UI Nat;PROD;GD;;;SCOTF7;;ETL;CE
CPS;COMPLETEL Zone Sud SADTF7;0;TF7;T1;;;0;1458660256;0;Oui;UI Nat;PROD;GD;;;SADTF7;;ETL;CE
CQC;UI Tampon QRL Analy;0;TF7;T1;;d'après Jacques Sabatier, UI GD pour suivis Jarretiere;0;1458660256;0;?;;;;;;;;ETL;CE
DCO;BL/ILOT des DI sur DERCO;0;TF7;T1;;;0;1458660256;0;Oui;CA BL;;BL;;;;;FT;C 
DCW;Atte DI weekend pour DERCO;0;TF7;T1;Permet de stocker les DI arrivées le weekend pour une création de derco le lundi matin // Jacque sabatier;;0;1458660256;0;Oui;UGPC;SAV;BL;DERCO;;;;FT;C 
DEF;3UI de Releve DEF automatique;0;TF7;T1;;;0;1458660256;0;?;CA GD;;GD;;;;;FT;CE
DES;ui garage desamiantage;0;TF7;T1;;;0;1458660256;0;?;CA GD;;GD;;;;;ETL;CE
DM1;TEST;0;TF7;T1;;;0;1458660256;0;Oui;Admin GPC;;;;;;;ETL;C 
DMS;F ORANGE UI Releve R02TEL;0;TF7;T1;;;0;1458660256;0;?;CA GD;;;;;;;RE;C 
E16;Prod FTTH E16 euro2016;0;TF7;T1;;;1461561605;;;;;;;;;;;FT;C 
ECE;CE ADSL;0;TF7;T1;;;0;1458660256;0;?;;;;UI de type SE (Boite au lettre);;;;SE;  
EFI;UI CENTRE FIAB;0;TF7;T1;;Plan de chage non ouvert;0;1458660256;0;;;;;;;;;FT;CE
EMN;Etudes MAPPLE Nord SCOTF7;0;TF7;T1;Projet MAPPLE - En attente, Aiguillage des études ETUxxx pour SCOP;Etudes Chaff;0;1458660256;0;Non;CHAFF;;;;;SCOTF7;;ETL;CE
EMS;Etudes MAPPLE Sud SADTF7;0;TF7;T1;Projet MAPPLE - En attente, Aiguillage des études ETUxxx pour SADE;Etudes Chaff;0;1458660256;0;Non;CHAFF;;;;;SADTF7;;ETL;CE
EQC;ANALYSE QUALITE;0;TF7;T1;;;0;1458660256;0;;;;;;;;;FT;CE
ESC;Analyse prod scopel;0;TF7;T1;;;0;1458660256;0;?;CA GD;;;;;;;ETL;C 
ET0;ATTENTE RAPPEL CLIENT;0;TF7;T1;;;0;1458660256;0;;;;;;;;;ETL;CE
EXP;RECEPTION EXP FTH MidiPy;0;TF7;T1;;;0;1458660256;0;;;;;;;;;FT;C 
F09;Fibre PROD 09 - Ariege;0;TF7;T1;;;0;1458660256;0;Oui;CA GD;PROD;GD;FTTH;;OBS-SAD;;FT;CE
F12;Fibre PROD 12 - Aveyron;0;TF7;T1;;;0;1458660256;0;Oui;CA GD;PROD;GD;FTTH;;OBS-SCO;;FT;CE
F30; SCOTF7 Fibre Renfort 30 jours;0;TF7;T1;;Provisoire pour 30 jours. A été utile au environ de novembre 2015;0;1458660256;0;;;;;;;SCOTF7;;ETL;CE
F32;Fibre PROD 32 - Gers;0;TF7;T1;;;0;1458660256;0;Oui;CA GD;PROD;GD;FTTH;;OBS-SAD;;FT;CE
F3N;Fibre PROD#R - SCOTF7 - TLSE N;0;TF7;T1;;;0;1458660256;0;Oui;CA GD;PROD;GD;FTTH;;SCOTF7;;ETL;CE
F3S;Fibre PROD#R - SADTF7 - TLSE S;0;TF7;T1;;;0;1458660256;0;Oui;CA GD;PROD;GD;FTTH;;SADTF7;;ETL;CE
F46;Fibre PROD 46 - Lot;0;TF7;T1;;;0;1458660256;0;Oui;CA GD;PROD;GD;FTTH;;OBS-SCO;;FT;CE
F65;Fibre PROD 65 - Htes Pyrenees;0;TF7;T1;;;0;1458660256;0;Oui;CA GD;PROD;GD;FTTH;;OBS-SAD;;FT;CE
F8A;PROD ET SAV FTTH ALBI;0;TF7;T1;;;0;1458660256;0;Oui;CA GD;PROD / SAV;GD;FTTH;;OBS-SCO;;FT;CE
F8C;production et sav ftth tarn;0;TF7;T1;;;0;1461734406;0;Oui;CA GD;PROD / SAV;GD;FTTH;;OBS-SCO;;FT;C 
F8M;maintenance ftth 82;0;TF7;T1;;;0;1458660256;0;Oui;CA GD;SAV;GD;FTTH;;OBS-SCO;;FT;CE
F8P;production ftth 82;0;TF7;T1;;;0;1458660256;0;Oui;CA GD;PROD;GD;FTTH;;OBS-SCO;;FT;CE
FC8;RS/miroir FOIX;0;TF7;T1;ilot de stockage lié à FC9;;0;1458660256;0;Oui;CACER;PROD;RS;;;;;FT;R 
FC9;RS/exploitation FOIX;0;TF7;T1;activité RS dpt 09;;0;1458660256;0;Oui;CACER;PROD / SAV;RS;;;;;FT;R 
FCN;Fibre CLGGCI - SCOTF7;0;TF7;T1;Réceptionne les CLGGCI Fibre pour SCOP créés par le PPC FTTH;;0;1458660256;0;Oui;PPC Fibre;;;;;SCOTF7;;ETL;CE
FCS;Fibre CLGGCI - SADTF7;0;TF7;T1;Réceptionne les CLGGCI Fibre pour SADE créés par le PPC FTTH;;0;1458660256;0;Oui;PPC Fibre;;;;;SADTF7;;ETL;CE
FDN;Fibre Debord SCOTF7 TLS N;0;TF7;T1;Débordement de l'îlot F3N si 30 equipes est insuffisant sur F3N;;0;1458660256;0;Oui;CA GD;PROD;;;;SCOTF7;;ETL;CE
FDS;Fibre Debord SADTF7 TLS S;0;TF7;T1;Débordement de l'îlot F3S si 30 equipes est insuffisant sur F3S;;0;1458660256;0;Oui;CA GD;PROD;;;;SADTF7;;ETL;CE
FEC;BL/ICR Escot curatif;0;TF7;T1;;;1461561605;;;;;;;;;;;FT;CE
FEP;BL/ICR Escot préventif;0;TF7;T1;;;1461561605;;;;;;;;;;;FT;CE
FIA;ui fiabilys;0;TF7;T1;1 tech à Darraux (09-31S) et 1 Tech à Anne-Archard (TLSE). La création des EXP AQD est faite automatiquement, les tech sont mis par les Responsables d'équipe. La communication et la relève sont faites automatiquement aussi.;CA GD ? avec tech gd ariège;0;1458660256;0;;;;;;;;;FT;CE
FIL;CA GD/Filtrage Superviseur;0;TF7;T1;;;0;1458660256;0;Oui;CA GD;;GD;;;;;FT;CE
FIR;UI expertise pole QS;0;TF7;T1;îlot géré par thierry Jeansout;;0;1458660256;0;Oui;;;;;;;;FT;CE
FLC;ICR CURATIF BL CONSTRUCTEL;0;TF7;T1;ICR / / / FIR Boucle Locale;;0;1458660256;0;Oui;CA BL;SAV;BL;;;;;FT;CE
FLO;Fibre PROD Lourdes;0;TF7;T1;;;0;1458660256;0;;;;;;;;;ETL;CE
FLT;UI FIR SCOPELEC LT;0;TF7;T1;FIR Ligne Terminal;;0;1458660256;0;Oui;CA GD;;;UI FIR / ICR;;;;FT;CE
FMI;Fibre PROD Millau;0;TF7;T1;;;0;1458660256;0;;;;;;;;;ETL;CE
FMU;Fibre PROD Muret;0;TF7;T1;;;0;1458660256;0;;;;;;;;;ETL;CE
FNG;COMMANDES EN ATTENTE D OT PR FTH;0;TF7;T1;Le pilotage de production FTTH, place des prod qui peuvent être en attente d'OT, ou en attente de confirmation client, les rdv peuvent exploser, parfois dépasser les 100 jours. Pour le Génie Civil, des CLG (fibre), ils sont créés par le pilotage de production, affecté sur l'îlot FTP pour Scopelec( il n'y a que lui qui fait du GC Fibre sur midi py) et actuellement (20/05/2015) il se l'affecte, mais il ne se passe rien d'autre, F3N et F3S, chaque entreprise faisant sont GC Fibre (26/06/2015); ça re passe en UC, et apres le pilotage de prod ftth le passe sur l'ilot FNG. LEs CLG dans FNG sont soit;;0;1458660256;0;Oui;PPC Fibre;;;;;;;FT;C 
FOR;UI pour migrations sfr c3p;0;TF7;T1;îlot de reception des migrations SFR;;0;1458660256;0;Oui;C3P;;;;;;;FT;C 
FRG;FILTRAGE DES REO;0;TF7;T1;;;0;1458660256;0;;;;;;;;;FT;C 
FSC;UI ICR CURATIF BL FIR SCOPELEC;0;TF7;T1;;;0;1458660256;0;Oui;CA BL;;BL;;;;;FT;CE
FSP;BL/ui ICR PREV. BL fir scop;0;TF7;T1;;;0;1458660256;0;Oui;CA BL;;BL;;;;;FT;CE
FTD;PROD FTTH ETR ANNEXE;0;TF7;T1;;;0;1458660256;0;Oui;CA GD;;GD;FTTH;;;;FT;C 
FTM;FTTH FT;0;TF7;T1;;;0;1458660256;0;Oui;CA GD;;GD;FTTH;;;;FT;CE
FTR;ui d attente pour ftth;0;TF7;T1;;;0;1458660256;0;?;;;;FTTH;;;;FT;CE
GAA;Etudes MAPPLE Orange 12 + 81;0;TF7;T1;Projet MAPPLE - En attente, Aiguillage des études ETUxxx pour les CHAFF Orange;Etudes Chaff;0;1458660256;0;Non;CHAFF;;;;;;;FT;CE
GAM;UI garage pour Commandes Muntiples;0;TF7;T1;;;0;1458660256;0;;;;;;;;;ETL;CE
GAP;Etudes MAPPLE Orange 65+09+31S;0;TF7;T1;Projet MAPPLE - En attente, Aiguillage des études ETUxxx pour les CHAFF Orange;Etudes Chaff;0;1458660256;0;Non;CHAFF;;;;;;;FT;CE
GAQ;Etudes MAPPLE Orange 46+82+32;0;TF7;T1;Projet MAPPLE - En attente, Aiguillage des études ETUxxx pour les CHAFF Orange;Etudes Chaff;0;1458660256;0;Non;CHAFF;;;;;;;FT;CE
GAT;Etudes MAPPLE Orange TLS N/S;0;TF7;T1;Projet MAPPLE - En attente, Aiguillage des études ETUxxx pour les CHAFF Orange;Etudes Chaff;0;1458660256;0;Non;CHAFF;;;;;;;FT;CE
GBX;PABX AUCH TARBES;0;TF7;T1;Activité Pabx dpt 65 et 32;;0;1458660256;0;Oui;CACER;PROD / SAV;E;PABX;;Orange;;FT;CE
GC8;RS/miroir ST-GAUDENS;0;TF7;T1;ilot de stockage lié à GC9;;0;1458660256;0;Oui;CACER;PROD;RS;;;;;FT;R 
GC9;RS/exploitation ST-GAUDENS;0;TF7;T1;Activité RS dpt 31s;;0;1458660256;0;Oui;CACER;PROD / SAV;RS;;;;;FT;R 
GNO;SAV 24/24;0;TF7;T1;;;0;1458660256;0;?;;;;UI de type SE (Boite au lettre);;;;SE;  
GPM;MOBILIER PUB AVIP SO;0;TF7;T1;;;0;1458660256;0;?;;;;UI de type SE (Boite au lettre);;;;SE;  
GPX;PABX GARONNE ARIEGE;0;TF7;T1;Activité Pabx dpt 09 et 31s;;0;1458660256;0;Oui;CACER;PROD / SAV;E;PABX;;Orange;;FT;CE
GQC;QRL afaire Comminges;0;TF7;T1;;d'après Jacques Sabatier, UI GD pour suivis Jarretiere;0;1458660256;0;?;;;;;;;;ETL;CE
GQF;QRL a faire Foix;0;TF7;T1;;d'après Jacques Sabatier, UI GD pour suivis Jarretiere;0;1458660256;0;?;;;;;;;;ETL;CE
GQG;QRL a faire Gers;0;TF7;T1;;d'après Jacques Sabatier, UI GD pour suivis Jarretiere;0;1458660256;0;?;;;;;;;;ETL;CE
GQH;QRL a faire Htes Pyr;0;TF7;T1;;d'après Jacques Sabatier, UI GD pour suivis Jarretiere;0;1458660256;0;?;;;;;;;;ETL;CE
GQP;QRL a faire Pamiers;0;TF7;T1;;d'après Jacques Sabatier, UI GD pour suivis Jarretiere;0;1458660256;0;?;;;;;;;;ETL;CE
GRG;ILOT DE GARAGE;0;TF7;T1;UI pr le VSL (sans coupure);automate pour ocapi;0;1458660256;0;;UI Nat;;;;;;;RE;C 
GSP;ASP;0;TF7;T1;;;0;1458660256;0;?;;;;UI de type SE (Boite au lettre);;;;SE;  
GT9;RS/exploitation COMMUT_TLSE;0;TF7;T1;Activité Commutation Toulouse;;0;1458660256;0;Oui;CACER;PROD / SAV;RS;;;;;FT;R 
GTC;REPONSE AUX AS URR;0;TF7;T1;;;0;1458660256;0;;;;;;;;;FT;CE
HNO;ui hno flux opus gpc (CACER);0;TF7;T1;Ilots de transit entre GSR et CACER;;0;1458660256;0;;CACER et GSR;;;;;;;ETL;CE
HPX;PABX tarn et garonne;1;TF7;T1;Activité Pabx dpt 82;;0;1458660256;0;Oui;CACER;PROD / SAV;E;PABX;;Orange;;FT;CE
HQC;T et Gar QRL AQC CA;0;TF7;T1;;;0;1458660256;0;?;;;;;;;;ETL;CE
HR8;RS/miroir MONTAUBAN;0;TF7;T1;ilot de stockage lié à HR9;;0;1458660256;0;Oui;CACER;PROD;RS;;;;;FT;R 
HR9;RS/exploitation MONTAUBAN;0;TF7;T1;activité RS dpt 82;;0;1458660256;0;Oui;CACER;PROD;RS;;;;;FT;R 
HSS;Stock PROD E - Crise Noire SIP;0;TF7;T1;;;1463376004;;;;;;;;;;;ETL;C 
IL1;ui tampon pour dring3;0;TF7;T1;Prise de rendez-vous à environ 2h  pour le P + E;;0;1458660256;0;Oui;CA GD;SAV;GD;DRING;;;;ETL;C 
IL2;UI TAMPON SERV UNIV MARCHE R;0;TF7;T1;Prise de rendez-vous le lendemain pour le Service Universel;;0;1458660256;0;Oui;CA GD;SAV;GD;DRING;;;;ETL;C 
IL3;UI Tampon SAV+ PCG/PFG MiPy;0;TF7;T1;Prise de rendez-vous SAV+ PFG/PCG pour Midi Py;;0;1458660256;0;Oui;CA GD;SAV;GD;;;;;ETL;C 
IL4;UI Tampon SAV+ PCG/PFG TLS;0;TF7;T1;Prise de rendez-vous SAV+ PFG/PCG pour toulouse;;0;1458660256;0;Oui;CA GD;SAV;GD;;;;;ETL;C 
IL5;ui tampon pour TER E TlsN/S;0;TF7;T1;;;1458659692;1458660406;;;;;;;;;;ETL;C 
INP; INEOMP cablage immeuble neuf;0;TF7;T1;y transitent des RLG/CDS;;0;1458660256;0;?;CA BL;;BL;CABLAGE IMM NEUF;;;;ETL;R 
JAZ;Ilot Filtrage MOE JAZZ;0;TF7;T1;;;0;1458660256;0;Oui;UI Nat;;;;;;;FT;C 
LPX;PABX Lot;1;TF7;T1;Activité Pabx dpt 46;;0;1458660256;0;Oui;CACER;PROD / SAV;E;PABX;;Orange;;FT;CE
LQC;LOT QRL AQC /CA;0;TF7;T1;;;0;1458660256;0;?;;;;;;;;ETL;CE
LR7;RS/réo CAHORS;0;TF7;T1;;;0;1459152392;0;Oui;CACER;;;;;;;FT;R 
LR8;RS/miroir CAHORS;0;TF7;T1;ilot de stockage lié à LR9;;0;1458660256;0;Oui;CACER;PROD;RS;;;;;FT;R 
LR9;RS/exploitation CAHORS;0;TF7;T1;activité RS dpt 46;;0;1458660256;0;Oui;CACER;PROD / SAV;RS;;;;;FT;R 
M02;MIGRATION DEGROUPAGE;0;TF7;T1;UI de M02;;0;1458660256;0;Oui;CA GD;;GD;;;;;FT;C 
MBT;UI Poubelle;0;TF7;T1;(ui pil pro et autres) -29/07/2015- Sont déplacées dans MBT les interventions (en général les R10) sans OT qui on un rdv pour le lendemain. Lorsque ces DI ont un OT (préparé par le PPCftth) un nouveau rdv est pris et la DI reprend sont chemin dans les îlots de vie. Ce fonctionnement est identique pour les R10 qui ont des soucis de dispo, ou travaux client(TL Transfert Local arrivé par eRDV) le RDV est mis en "requis" dans CRYSTAL, l'intervention dans GPC est mise dans MBT (sans OT > Etude incomplete) en attendant un nouveau rendez-vous, une fois le nouveau rdv pris, l'intervention reprend son ;Pour relève des ot bizarres ou doublons ou autres;0;1458660256;0;Oui;CA Toutes;;;;;;;RE;C 
MGR;RS/MIGRATION TVNUM;0;TF7;T1;Lors de la création d?un NRA ou de la migration d?une Sous Répartition d?un répartiteur vers un autre, nous avons un délai minimum de 15 jours à attendre entre l'ouverture commercial et la réalisation de la migration. Durant ce laps de temps, nous recevons pour les clients des opérateurs tiers des informations sur les branchements à faire
pour chaque client. Cela induit la création d'OT MGR, qui se retrouvent dans l'îlot MGR (à la mains de l'équipe RMUT).
La préparation à la migration doit être réalisé durant ce délai de 15 jours, pendant ce temps le nombre d'OT peut augmenter.
Or il se peu;Réceptionne les MGRXXX;0;1458660256;0;Oui;UPR RMUT;;;;;;;FT;CE
MQC;LOT QRL AQC /CA millau;0;TF7;T1;;;0;1458660256;0;?;;;;;;;;ETL;CE
MV4;ui nationale pour mascot v4;0;TF7;T1;;;0;1458660256;0;Oui;UI Nat;;;;;;;ETL;CE
NPN; SCOTF7 OT BL ac releve PRO;0;TF7;T1;Ce sont des îlots BL. Elles vont réceptionner des interventions crées par la CA BL. Ces interventions feront suite à une relève en DEF d?une intervention faite réellement en provisoire ce qui permettra de clôturer la 1ere intervention (ou derco) dans les délais. Ces interventions seront gratuites pour nous car l?ETR devra de finaliser ces travaux dans un délai assez court (environ 10 jours);Mise en place le 11/01/2016;0;1458660256;0;Oui;CA BL;SAV;BL;;;SCOTF7;;ETL;CE
NPS; SADTF7 OT BL ac releve PRO;0;TF7;T1;Ce sont des îlots BL. Elles vont réceptionner des interventions crées par la CA BL. Ces interventions feront suite à une relève en DEF d?une intervention faite réellement en provisoire, ce qui permettra de clôturer la 1ere intervention (ou derco) dans les délais. Ces interventions seront gratuites pour nous car l?ETR devra de finaliser ces travaux dans un délai assez court (environ 10 jours);Mise en place le 11/01/2016;0;1458660256;0;Oui;CA BL;SAV;BL;;;SADTF7;;ETL;CE
NRA;ui tampon nra prod avant mes;0;TF7;T1;Stock les productions en attente ouverture d un NRA (entre ouverture commerciale et la mise en service);;0;1458660256;0;Oui;CA GD;;GD;;;;;ETL;CE
O09;Ilot Reception OPO Opit 09/31S;0;TF7;T1;Prise de rendez-vous des OPO pour le 09 et 31 sud;;0;1458660256;0;Oui;CACER;PROD;E;Ilot accueil OPO;31s-09;;;ETL;CE
O12;Ilot Reception OPO Opit 12;0;TF7;T1;Prise de rendez-vous des OPO pour le 12;;0;1458660256;0;Oui;CACER;PROD;E;Ilot accueil OPO;12;;;ETL;CE
O32;Ilot Reception OPO Opit 32;0;TF7;T1;Prise de rendez-vous des OPO pour le 32;;0;1458660256;0;Oui;CACER;PROD;E;Ilot accueil OPO;32;;;ETL;CE
O46;Ilot Reception OPO Opit 46;0;TF7;T1;Prise de rendez-vous des OPO pour le 46;;0;1458660256;0;Oui;CACER;PROD;E;Ilot accueil OPO;46;;;ETL;CE
O65;Ilot Reception OPO Opit 65;0;TF7;T1;Prise de rendez-vous des OPO pour le 65;;0;1458660256;0;Oui;CACER;PROD;E;Ilot accueil OPO;65;;;ETL;CE
O81;Ilot Reception OPO Opit 81;0;TF7;T1;Prise de rendez-vous des OPO pour le 81;;0;1458660256;0;Oui;CACER;PROD;E;Ilot accueil OPO;81_Gble;;;ETL;CE
O82;Ilot Reception OPO Opit 82;0;TF7;T1;Prise de rendez-vous des OPO pour le 82;;0;1458660256;0;Oui;CACER;PROD;E;Ilot accueil OPO;82;;;ETL;CE
OPC;ui tampon opit ml suivi CAE;0;TF7;T1;;;0;1458660256;0;Oui;CACER;;;;;;;FT;CE
OPE;UI MIROIR RV DES SAV PLUS;0;TF7;T1;PFO-PCC-PPC-CPC prennent les rv sur OPE;;0;1458660256;0;Oui;CA GD;;GD;;;;;FT;C 
OPI;UI DE REDIRECTION DE UI OPE;0;TF7;T1;Après passage dans OPE arrivent sur OPI pour redirection vers les bonnes UI;;0;1458660256;0;Oui;CA GD;;GD;;;;;FT;C 
OPO;Ilot Traitement des OPO/Opit;0;TF7;T1;Réception tous les OPO après la prise de rendez-vous sur les îlots Oxx;;0;1458660256;0;Oui;CACER;PROD;E;;;;;ETL;C 
OPS;ui tampon opit ml suivi RAI;0;TF7;T1;Ilot miroir pour gestion activité OPITML entre ADCP et RAI;îlots de prise de rendez-vous fictif pour les opitMl avec PABX, des RMA IPV, le RAI par la suite prendra le rendez-vous quand il veut.;0;1458660256;0;Oui;RAI;;;;;;;FT;CE
ORA;orange production;0;TF7;T1; PEQMOB - PRODUCTION D'EQUIPEMENT ORANGE - BAS DE RESEAU ET (ANTENNE, BTS, BSC, BAIE RADIO, à) #RPE;;0;1458660256;0;?;CACER;;;;;;;FT;R 
OSM;UI MIROIR NEUF CEGETEL; ;TF7;T1;;;0;1458660256;0;?;;;;UI de type SE (Boite au lettre);;;;SE;  
OTL;Ilot Reception OPO Opit TLSE;0;TF7;T1;Prise de rendez-vous des OPO pour Toulouse N et S;;0;1458660256;1459315204;Non;CACER;PROD;E;Ilot accueil OPO;;;;ETL;CE
OTS;Ilot Reception OPO Opit TL;0;TF7;T1;;;0;1458660256;0;;;;;;Tlse_Gble;;;FT;CE
P09; SADTF7 POI ARIEGE;0;TF7;T1;;;0;1458660256;0;Oui;CA BL;PROD;BL;UI POI;_09;SADTF7;;ETL;CE
P12; SCOTF7 POI AVEYRON;0;TF7;T1;;;0;1458660256;0;Oui;CA BL;PROD;BL;UI POI;12;SCOTF7;;ETL;CE
P31; SADTF7 POI 31 SUD;0;TF7;T1;;;0;1458660256;0;Oui;CA BL;PROD;BL;UI POI;31Sud;SADTF7;;ETL;CE
P32; SADTF7 POI GERS;0;TF7;T1;;;0;1458660256;0;Oui;CA BL;PROD;BL;UI POI;32;SADTF7;;ETL;CE
P3N; SCOTF7 POI TOULOUSE + 31 NORD;0;TF7;T1;;;0;1458660256;0;Oui;CA BL;PROD;BL;UI POI;Tlse_Nord;SCOTF7;;ETL;CE
P3S; SADTF7 POI TOULOUSE SUD;0;TF7;T1;;;0;1458660256;0;Oui;CA BL;PROD;BL;UI POI;Tlse_Sud;SADTF7;;ETL;CE
P46; SCOTF7 POI LOT;0;TF7;T1;;;0;1458660256;0;Oui;CA BL;PROD;BL;UI POI;46;SCOTF7;;ETL;CE
P65; SADTF7 POI HAUTES PYRENEES;0;TF7;T1;;;0;1458660256;0;Oui;CA BL;PROD;BL;UI POI;65;SADTF7;;ETL;CE
P76;UI nationale dediee publiphonie;0;TF7;T1;02/06/2015 - Recueille la publiphonie (MIT / PLI / PUC) pour le 31 et 46 - ETR Sogetrel;OPC / AUT et DPL des réo dans UGPC;0;1458660256;0;Oui;CA GD;SAV;GD;Publiphonie;P76;;;FT;C 
P81; SCOTF7 POI TARN;0;TF7;T1;;;0;1458660256;0;Oui;CA BL;PROD;BL;UI POI;81_Gble;SCOTF7;;ETL;CE
P82; SCOTF7 POI TARN ET GARONNE;0;TF7;T1;;;0;1458660256;0;Oui;CA BL;PROD;BL;UI POI;82;SCOTF7;;ETL;CE
PAV;RECEPTION PAV FTH MidiPy;0;TF7;T1;Les rendez-vous PAVFTH sont pris dans cet îlot. 8 par semaine - Lun/Mar/Jeu/Ven. Rendez-vous à J 2. Déplacement avec TD de cet ilot vers FTM pour affectation;;1460092805;1460358433;;;PPC Fibre;PROD;GD;;Tlse_Gble;;;FT;C 
PBC;UI de releve PBC;0;TF7;T1;pour relève auto en PBC;;0;1458660256;0;Oui;CA GD;;GD;ui pilotage pro;;;;FT;CE
PBX;ui reo cagd vers Cacer;0;TF7;T1;Ilots de réo entre CAGD et CACER;créée à la demande de Michel Pozmanoff, mi-janvier;0;1458660256;0;Oui;CACER;SAV;E;PABX;;;;ETL;R 
PCO;PRESOMPTIONS DERCO ISSUS OCAPI;0;TF7;T1;Ilots UGPC pour GEDERCO - 6 équipes de type 9 (Filtrage) - 0B1 à 0B6;;0;1458660256;0;Oui;UI UGPC;;;;;;;FT;C 
PDC;ANALYSE DI AVEC PRESOMPTION DERCO;0;TF7;T1;;;0;1458660256;0;Oui;UI UGPC;;;;;;;FT;C 
PDE;UI FICTIF pour PDE;0;TF7;T1;PDE n'est plus sensé être utilisée;;0;1458660256;0;Oui;UI UGPC;;;;;;;ETL;C 
PF1;BL/ SEVAMP POI FIBRE;0;TF7;T1;;;0;1458660256;0;;;;;;;;;ETL;CE
PFS;BL/ SADTF7 POI FIBRE;0;TF7;T1;;;0;1458660256;0;;;;;;;SADTF7;;ETL;CE
PIO;pole int offr complx;0;TF7;T1;Activité Intégration PIOC SAV;;0;1458660256;0;Oui;CACER;SAV;E;;;;;FT;CE
PPC;UI FICTIVE CLOTURES ROA PR FTH;0;TF7;T1;;;0;1458660256;0;;;;;;;;;FT;C 
PPT;ALQPOT - BL Preventif Poteau;0;TF7;T1;Ilot pour le Plan Poteau - ETR Alquenry ALQPOT;;0;1458660256;0;Oui;UI Nat;;;;;;;ETL;R 
PRE;UI Poubelle pour les TRE;0;TF7;T1;;;0;1458660256;0;Oui;UI UGPC;;;;;;;RE;C 
PSC;UI STOCKAGE DES POI-PR CHAFF;0;TF7;T1;;;0;1458660256;0;Oui;;;;;;;;ETL;CE
PSU;UI STOCKAGE PRESSU Suite ALARM;0;TF7;T1;Liaison entre CACER ET BL; stocker sans affecter des DI pressu suite à alarme sur le réseau. Elle va être alimenter par la CACER. Nous(BL) récupèrerons ces gin pour les réaffecter sur les UI BL;;0;1458660256;0;Oui;CACER;;E / BL;;;;;ETL;CE
PUM;MOBILIER PUB AVIP SO;0;TF7;T1;;;0;1458660256;0;?;;;;UI de type SE (Boite au lettre);;;;SE;  
PUN;MOBILIER PUB AVIP SO;0;TF7;T1;;;0;1458660256;0;?;;;;UI de type SE (Boite au lettre);;;;SE;  
Q09;STOCKAGE DES QRL DE L ARIEGE;0;TF7;T1;Les CdA BL mettent les QRL dans ces îlots en attendant qu'elles puissent être affectées;;0;1458660256;0;Oui;CA BL;SAV;BL;UI de Stockage de QRL;_09;;;ETL;CE
Q12;STOCKAGE DES QRL AVEYRON;0;TF7;T1;Les CdA BL mettent les QRL dans ces îlots en attendant qu'elles puissent être affectées;;0;1458660256;0;Oui;CA BL;SAV;BL;UI de Stockage de QRL;12;;;ETL;CE
Q31;STOCKAGE DES QRL DU 31 SUD;0;TF7;T1;Les CdA BL mettent les QRL dans ces îlots en attendant qu'elles puissent être affectées;;0;1458660256;0;Oui;CA BL;SAV;BL;UI de Stockage de QRL;31Sud;;;ETL;CE
Q32;STOCKAGE DES UI DU GERS;0;TF7;T1;Les CdA BL mettent les QRL dans ces îlots en attendant qu'elles puissent être affectées;;0;1458660256;0;Oui;CA BL;SAV;BL;UI de Stockage de QRL;32;;;ETL;CE
Q3N;STOCKAGE DES QRL DE TOULOUSE NORD;0;TF7;T1;Les CdA BL mettent les QRL dans ces îlots en attendant qu'elles puissent être affectées;;0;1458660256;0;Oui;CA BL;SAV;BL;UI de Stockage de QRL;Tlse_Nord;;;ETL;CE
Q3S;STOCKAGE DES QRL DE TOULOUSE SUD;0;TF7;T1;Les CdA BL mettent les QRL dans ces îlots en attendant qu'elles puissent être affectées;;0;1458660256;0;Oui;CA BL;SAV;BL;UI de Stockage de QRL;Tlse_Sud;;;ETL;CE
Q46;STOCKAGE DES QRL DU LOT;0;TF7;T1;Les CdA BL mettent les QRL dans ces îlots en attendant qu'elles puissent être affectées;;0;1458660256;0;Oui;CA BL;SAV;BL;UI de Stockage de QRL;46;;;ETL;CE
Q65;STOCKAGE DES QRL DES HTES PYRENEES;0;TF7;T1;Les CdA BL mettent les QRL dans ces îlots en attendant qu'elles puissent être affectées;;0;1458660256;0;Oui;CA BL;SAV;BL;UI de Stockage de QRL;65;;;ETL;CE
Q81;STOCKAGE DES QRL DU TARN;0;TF7;T1;Les CdA BL mettent les QRL dans ces îlots en attendant qu'elles puissent être affectées;;0;1458660256;0;Oui;CA BL;SAV;BL;UI de Stockage de QRL;81_Gble;;;ETL;CE
Q82;STOCKAGE DES QRL DU TARN ET GARONNE;0;TF7;T1;Les CdA BL mettent les QRL dans ces îlots en attendant qu'elles puissent être affectées;;0;1458660256;0;Oui;CA BL;SAV;BL;UI de Stockage de QRL;82;;;ETL;CE
QAT;BL/UI BL transit QRL CAGD;0;TF7;T1;Thierry Jeansou en lien avec cette UI;;0;1458660256;0;Oui;CA BL;;;;;;;ETL;CE
QR0; ORANGE UI QUARANTAINE R02TEL;0;TF7;T1;Sert entre autre, à mettre en quarantaine (les R02) pour attendre l'OT;;0;1458660256;0;Oui;UI UGPC;;;;;;;RE;C 
QRN;BL/PEU URR POUR ETL;0;TF7;T1;;;0;1458660256;0;?;;;;;;;;ETL;CE
QUA;QUARANTAINE REGROUP;0;TF7;T1;;Attente ot pr regrouper;0;1458660256;0;Oui;CA GD;;GD;;;;;ETL;CE
R09;R02 + PUB DE L ARIEGE(09);1;TF7;T1;;;0;1458660256;0;Oui;CA GD;PROD;GD;R02;_09;;;FT;CE
R12;R02 + PUB de l'AVEYRON;1;TF7;T1;;;0;1458660256;0;Oui;CA GD;PROD;GD;R02;12;;;FT;CE
R2N;R02 SCOTF7 Zone NORD;0;TF7;T1;R02 Scopelec;02/06/2015 - Reçoit en direct les R02 DGT/DTP/NNU + le retour des îlots Rxx;0;1458660256;0;Oui;CA GD;PROD;GD;R02;;SCOTF7;;ETL;CE
R2S;R02 SADTF7 Zone SUD;0;TF7;T1;R02 Sade;02/06/2015 - Reçoit en direct les R02 DGT/DTP/NNU + le retour des îlots Rxx;0;1458660256;0;Oui;CA GD;PROD;GD;R02;;SADTF7;;ETL;CE
R31;ui jrt 31 sud;1;TF7;T1;Prend aussi en compte le Gers(32) et l'ariège(09);;0;1458660256;0;Oui;CA GD;PROD / SAV;GD;R02 et Publiphonie;31Sud;;;FT;CE
R32;r02 du gers;1;TF7;T1;;;0;1458660256;0;Oui;CA GD;PROD;GD;R02;32;;;FT;CE
R3N;JARRETIERAGE TOULOUSE NORD;1;TF7;T1;L'ilot n'est pas ouvert le samedi, il y a des techs qui ne font que des R02, cela empêche l'ouverture via l'interface GPA/GPC.;;0;1459948974;0;Oui;CA GD;PROD;GD;R02 et R03 Tlse;Tlse_Nord;;;FT;CE
R3S;JARRETIERAGE TOULOUSE SUD;1;TF7;T1;L'ilot n'est pas ouvert le samedi, il y a des techs qui ne font que des R02, cela empêche l'ouverture via l'interface GPA/GPC.;;0;1459948944;0;Oui;CA GD;PROD;GD;R02 et R03 Tlse;Tlse_Sud;;;FT;CE
R46;R02 du Lot;1;TF7;T1;;;0;1458660256;0;Oui;CA GD;PROD;GD;R02;46;;;FT;CE
R65;R02 renfort RSE du 65;1;TF7;T1;;;0;1458660256;0;Oui;CA GD;PROD / SAV;GD;R02 et Publiphonie;65;;;FT;CE
R81;R02 DU TARN;1;TF7;T1;;;0;1458660256;0;Oui;CA GD;PROD;GD;R02;81_Gble;;;FT;CE
R82;ui pub et jrt tarn et garonne;1;TF7;T1;;;0;1458660256;0;Oui;CA GD;PROD / SAV;GD;R02 et Publiphonie;82;;;FT;CE
RAI;INTERFACE CACER-RAI;0;TF7;T1;Ilot de transit REO entre CACER et RAI;;0;1458660256;0;Oui;CACER;PROD;E / RS;;;;;FT;CE
RAM;HO/ RE HABITE FT - RAM;0;TF7;T1;RE Habité par FT;;0;1458660256;0;Oui;CA GD;PROD / SAV;GD;RE Habité;;Orange;;RE;C 
RBO;HE/ SCOTF7 RE HABITE - BON;0;TF7;T1;RE Habité par Constel;;0;1458660256;0;Oui;CA GD;PROD / SAV;GD;RE Habité;;SCOTF7;;RE;C 
RCA;HE/ SADTF7 RE HABITE - CAP;0;TF7;T1;RE Habité par Constel;;0;1458660256;0;Oui;CA GD;PROD / SAV;GD;RE Habité;;SADTF7;;RE;C 
RCO;HO/ RE HABITE FT - COL/J4A;0;TF7;T1;RE Habité par FT;;0;1458660256;0;Oui;CA GD;PROD / SAV;GD;RE Habité;;Orange;;RE;C 
RCU;HE/ SADTF7 RE HABITE - CUG;0;TF7;T1;RE Habité par Constel;;0;1458660256;0;Oui;CA GD;PROD / SAV;GD;RE Habité;;SADTF7;;RE;C 
RDG;QUARANTAINE RDG;0;TF7;T1;;;0;1458660256;0;Oui;Admin GPC;;;;;;;ETL;CE
REA;en attente REAffectation;0;TF7;T1;;;0;1458660256;0;Oui;UI Nat;;;;;;;ETL;CE
REO;Ilot de filtrage des REO;0;TF7;T1;;;0;1458660256;0;?;;;;;;;;FT;C 
RGA;HE/ SADTF7 RE habite - GAR;0;TF7;T1;RE Habité par Constel;;0;1458660256;0;Oui;CA GD;PROD / SAV;GD;RE Habité;;SADTF7;;RE;C 
RJA;HE/ SCOTF7 RE HABITE - JAU;0;TF7;T1;RE Habité par Constel;;0;1458660256;0;Oui;CA GD;PROD / SAV;GD;RE Habité;;SCOTF7;;RE;C 
RJO;HE/ SCOTF7 RE - JOF/R2F/U2R;0;TF7;T1;RE Habité par Constel;;0;1458660256;0;Oui;CA GD;PROD / SAV;GD;RE Habité;;SCOTF7;;RE;C 
RLF;HE/ SCOTF7 RE HABITE - LAF;0;TF7;T1;RE Habité par Constel;;0;1458660256;0;Oui;CA GD;PROD / SAV;GD;RE Habité;;SCOTF7;;RE;C 
RLN;HE/ SCOTF7 RE HABITE - LAN;0;TF7;T1;RE Habité par Constel;;0;1458660256;0;Oui;CA GD;PROD / SAV;GD;RE Habité;;SCOTF7;;RE;C 
RLO;HO/ RE HABITE FT - LOU/BAG;0;TF7;T1;RE Habité par FT;;0;1458660256;0;Oui;CA GD;PROD / SAV;GD;RE Habité;;Orange;;RE;C 
RLR;HE/ SADTF7 RE HABITE - LAR;0;TF7;T1;RE Habité par Constel;;0;1458660256;0;Oui;CA GD;PROD / SAV;GD;RE Habité;;SADTF7;;RE;C 
RMI;HE/ SADTF7 RE HABITE - MIN;0;TF7;T1;RE Habité par Constel;;0;1458660256;0;Oui;CA GD;PROD / SAV;GD;RE Habité;;SADTF7;;RE;C 
RMR;HE/ SADTF7 RE HABITE - MIR;0;TF7;T1;RE Habité par Constel;;0;1458660256;0;Oui;CA GD;PROD / SAV;GD;RE Habité;;SADTF7;;RE;C 
RMU;HO/ RE HABITE FT - MUR;0;TF7;T1;RE Habité par FT;;0;1458660256;0;Oui;CA GD;PROD / SAV;GD;RE Habité;;Orange;;RE;C 
ROU;HE/ SCOTF7 RE HABITE - COU;0;TF7;T1;RE Habité par Constel;;0;1458660256;0;Oui;CA GD;PROD / SAV;GD;RE Habité;;SCOTF7;;RE;C 
RPB;ui re poubelle;0;TF7;T1;;;0;1458660256;0;?;CA GD;;;;;;;RE;C 
RPU;HE/ SADTF7 RE HABITE - PUR;0;TF7;T1;RE Habité par Constel;;0;1458660256;0;Oui;CA GD;PROD / SAV;GD;RE Habité;;SADTF7;;RE;C 
RQC;rodez qrl analyse;0;TF7;T1;;;0;1458660256;0;?;;;;;;;;ETL;CE
RS1;Accueil CACER UIMP;0;TF7;T1;Ilots de transit pour suppression. Vidé régulièrement par administrateur GPC;;0;1458660256;0;Oui;CACER;;;;;;;FT;R 
RSC;UI nat:RS der COMMUT+const FH;0;TF7;T1;;;0;1458660256;0;Oui;UI Nat;;;;;;;ETL;R 
RST;RS/reseau structurant toulouse;0;TF7;T1;Activité Transmission Toulouse;;0;1458660256;0;Oui;CACER;PROD / SAV;RS;;;;;FT;R 
RUE;Rendez-vous Unique Entreprise;0;TF7;T1;;;1459315204;;;;;;;;;;;RE;C 
RVU;garage rdvuniq-pari17-entreprise;0;TF7;T1;je n'avais jamais entendu parlé de RVU mais rendez vous unique...les R04 sont stockées en attendant lesr10 ou lml (pour créer les REP ),mais si la r10 ou lml ont été annulé ...elles restent là;;0;1458660256;0;Oui;CACER;;;;;;;ETL;CE
S09;ntic ariege;1;TF7;T1;;;0;1461907205;0;Oui;CA GD;PROD / SAV;GD;UI NTIC;;Orange;;FT;CE
S12;ntic-12 AVEYRON;1;TF7;T1;;;0;1461907205;0;Oui;CA GD;PROD / SAV;GD;UI NTIC;;Orange;;FT;CE
S31;NTIC SUD 31;1;TF7;T1;;;0;1461907205;0;Oui;CA GD;PROD / SAV;GD;UI NTIC;;Orange;;FT;CE
S32;NTIC-32 GERS;1;TF7;T1;;;0;1461907205;0;Oui;CA GD;PROD / SAV;GD;UI NTIC;;Orange;;FT;CE
S3N;NTIC TOULOUSE NORD;1;TF7;T1;;;0;1461907205;0;Oui;CA GD;PROD / SAV;GD;UI NTIC;;Orange;;FT;CE
S3S;NTIC TOULOUSE SUD;1;TF7;T1;;;0;1461907205;0;Oui;CA GD;PROD / SAV;GD;UI NTIC;;Orange;;FT;CE
S46;NTIC LOT;1;TF7;T1;;;0;1461907205;0;Oui;CA GD;PROD / SAV;GD;UI NTIC;;Orange;;FT;CE
S65;NTIC-65 HtePYRENEES;1;TF7;T1;;;0;1461907205;0;Oui;CA GD;PROD / SAV;GD;UI NTIC;;Orange;;FT;CE
S82;ui ntic tarn et garonne;1;TF7;T1;;;0;1461907205;0;Oui;CA GD;PROD / SAV;GD;UI NTIC;;Orange;;FT;CE
S8A;NTIC-81 TARN;1;TF7;T1;;;0;1461907205;0;Oui;CA GD;PROD / SAV;GD;UI NTIC;;Orange;;FT;CE
S8C;ntic tarn castres;1;TF7;T1;;;0;1461907205;0;Oui;CA GD;PROD / SAV;GD;UI NTIC;;Orange;;FT;CE
SIP;UI filtrage regle #SIP#;0;TF7;T1;Détecte les soupçons de SAV suite à production sur le même PC;;0;1458660256;0;Oui;UI UGPC;;;;;;;FT;C 
SIS;Filtrage des #SIS#;0;TF7;T1;Détecte les soupçons de SAV suite à SAV sur le même PC;;0;1458660256;0;Oui;UI UGPC;;;;;;;FT;C 
SOU;expertise client n2;0;TF7;T1;;;0;1458660256;0;?;CA GD;;GD;;;;;FT;CE
SPF;BL/ui poi fibre spie;0;TF7;T1;;Pas BL vu avec Jacques Sabatier;0;1458660256;0;?;;;;;;;;ETL;CE
SSS;UI de travail SS;0;TF7;T1;Utilisé par CRYSTAL, lors d'annulation de RDV R10, passe la R10 dans SSS, et fait une R03 à la place. NE sais pas comment les Interventions sortes de cette UI;;0;1458660256;0;Oui;;;;UI de type SE (Boite au lettre);;;;SE;  
SVI;UI POUR PERI MASCOT;0;TF7;T1;;;0;1458660256;0;Oui;UI Nat;;;;;;;FT;CE
TBN;BL/ SCOTF7 TREIN BL NORD;0;TF7;T1;;Affectation automatique UGPC;0;1464585604;0;Oui;CA BL;PROD / SAV;BL;UI de TREIN;;SCOTF7;;ETL;CE
TBS;BL/ SADTF7 TREIN BL SUD;0;TF7;T1;;Affectation automatique UGPC;0;1464585604;0;Oui;CA BL;PROD / SAV;BL;UI de TREIN;;SADTF7;;ETL;CE
TC8;RS/miroir TARBES;0;TF7;T1;ilot de stockage lié à TC9;;0;1458660256;0;Oui;CACER;PROD;RS;;;;;FT;R 
TC9;RS/exploitation TARBES;0;TF7;T1;activité RS dpt 65;;0;1458660256;0;Oui;CACER;PROD / SAV;RS;;;;;FT;R 
TE7;RS/réo ALBI_CASTRES;0;TF7;T1;ilot de stockage lié à TE9;;0;1459152392;0;Oui;CACER;PROD;RS;;;;;FT;R 
TE8;RS/miroir ALBI_CASTRES;0;TF7;T1;ilot de stockage lié à TE9;;0;1458660256;0;Oui;CACER;PROD;RS;;;;;FT;R 
TE9;RS/exploitation ALBI_CASTRES;0;TF7;T1;activité RS dpt 81;;0;1458660256;0;Oui;CACER;PROD / SAV;RS;;;;;FT;R 
TFN; SCOTF7 TREIN FTH Zone Nord;0;TF7;T1;;;0;1458660256;0;Oui;CA GD;SAV;GD;UI de TREIN;;SCOTF7;;ETL;CE
TFS; SADTF7 TREIN FTH Zone Sud;0;TF7;T1;;;0;1458660256;0;Oui;CA GD;SAV;GD;UI de TREIN;;SADTF7;;ETL;CE
TLB;QRL ALBI;0;TF7;T1;;Jacques Sabatier ne connais pas;0;1458660256;0;?;;;;;;;;FT;CE
TOC;new ui oceane adsl filtre;0;TF7;T1;;;0;1458660256;0;?;;;;;;;;FT;CE
TPA;PABX TARN (Albi+Castres);1;TF7;T1;Activité Pabx Tarn;;0;1458660256;0;Oui;CACER;PROD / SAV;E;PABX;;Orange;;FT;CE
TPX;PABX toulouse;0;TF7;T1;Activité Pabx Toulouse;;0;1458660256;0;Oui;CACER;PROD / SAV;E;PABX;;Orange;;FT;CE
TQC;Tarn QRL AQC/CA;0;TF7;T1;;;0;1458660256;0;?;;;;;;;;ETL;CE
TRN; SCOTF7 TREIN LT ZONE NORD;0;TF7;T1;;Affectation automatique UGPC;0;1461734406;0;Oui;CA GD;PROD / SAV;GD;UI de TREIN;;SCOTF7;;ETL;C 
TRS; SADTF7 TREIN LT ZONE SUD;0;TF7;T1;;Affectation automatique UGPC;0;1461734406;0;Oui;CA GD;PROD / SAV;GD;UI de TREIN;;SADTF7;;ETL;C 
UPR;ilot de transit cacer-upr;0;TF7;T1;Ilot de transit REO entre CACER et UPR;;0;1458660256;0;Oui;CACER et UPR;PROD;RS;;;;;ETL;C 
UTP;ui tampon pour ca rs;0;TF7;T1;;;0;1458660256;0;Oui;CACER;;;;;;;ETL;R 
V09; SADTF7 R10 ARIEGE;0;TF7;T1;Regroup R04/LML;;0;1458660256;0;Oui;CA GD;PROD;GD;UI de Prod / Cat 10;_09;SADTF7;;ETL;C 
V12; SCOTF7 R10 AVEYRON;0;TF7;T1;Regroup R04/LML;;0;1458660256;0;Oui;CA GD;PROD;GD;UI de Prod / Cat 10;12;SCOTF7;;ETL;C 
V31; SADTF7 R10 31SUD;0;TF7;T1;Regroup R04/LML;;0;1458660256;0;Oui;CA GD;PROD;GD;UI de Prod / Cat 10;31Sud;SADTF7;;ETL;C 
V32; SADTF7 R10 GERS;0;TF7;T1;Regroup R04/LML;;0;1458660256;0;Oui;CA GD;PROD;GD;UI de Prod / Cat 10;32;SADTF7;;ETL;C 
V3N; SCOTF7 R10 TOULOUSE + 31 NORD;0;TF7;T1;Regroup R04/LML;;0;1458660256;0;Oui;CA GD;PROD;GD;UI de Prod / Cat 10;Tlse_Nord;SCOTF7;;ETL;C 
V3S; SADTF7 R10 TOULOUSE SUD;0;TF7;T1;Regroup R04/LML;;0;1458660256;0;Oui;CA GD;PROD;GD;UI de Prod / Cat 10;Tlse_Sud;SADTF7;;ETL;C 
V46; SCOTF7 R10 LOT;0;TF7;T1;Regroup R04/LML;;0;1458660256;0;Oui;CA GD;PROD;GD;UI de Prod / Cat 10;46;SCOTF7;;ETL;C 
V65; SADTF7 R10 HAUTES PYRENEES;0;TF7;T1;Regroup R04/LML;;0;1458660256;0;Oui;CA GD;PROD;GD;UI de Prod / Cat 10;65;SADTF7;;ETL;C 
V81; SCOTF7 R10 TARN;0;TF7;T1;Regroup R04/LML;;0;1458660256;0;Oui;CA GD;PROD;GD;UI de Prod / Cat 10;81_Gble;SCOTF7;;ETL;C 
V82; SCOTF7 R10 TARN ET GARONNE;0;TF7;T1;Regroup R04/LML;;0;1458660256;0;Oui;CA GD;PROD;GD;UI de Prod / Cat 10;82;SCOTF7;;ETL;C 
VDS;attente vdsl en retrofit;0;TF7;T1;Ilot pour gerer les retours arrières des migrations automatiques en VDSL si NOK;C3P;0;1458660256;0;Oui;UI Nat;;;;;;;FT;C 
VQC;Villefranche AQG;0;TF7;T1;Ilot avec equipe EQA et des EXPCUD;;0;1458660256;0;?;;;;;;;;ETL;CE
VT9;RS/exploitation EVT_TLSE;0;TF7;T1;Activité Environnement technique Toulouse;;0;1458660256;0;Oui;CACER;PROD / SAV;RS;;;;;FT;R 
WSC;MERCI NE PAS OUVRIR garage OSM;0;TF7;T1;;;0;1458660256;0;Oui;UI UGPC;;;;;;;RE;C 
Y09; SADTF7 SAV ARIEGE;0;TF7;T1;Contient des R02 et R03;;0;1461907205;0;Oui;CA GD;PROD / SAV;GD;UI de SAV ETR;_09;SADTF7;;ETL;CE
Y12; SCOTF7 SAV AVEYRON;0;TF7;T1;Contient des R02 et R03;;0;1461907205;0;Oui;CA GD;PROD / SAV;GD;UI de SAV ETR;12;SCOTF7;;ETL;CE
Y31; SADTF7 SAV 31 SUD;0;TF7;T1;Contient des R02 et R03;;0;1461907205;0;Oui;CA GD;PROD / SAV;GD;UI de SAV ETR;31Sud;SADTF7;;ETL;CE
Y32; SADTF7 SAV GERS;0;TF7;T1;Contient des R02 et R03;;0;1461907205;0;Oui;CA GD;PROD / SAV;GD;UI de SAV ETR;32;SADTF7;;ETL;CE
Y3N; SCOTF7 SAV TOULOUSE + 31 NORD;0;TF7;T1;Contient des R02 et R03;;0;1461907205;0;Oui;CA GD;PROD / SAV;GD;UI de SAV ETR;Tlse_Nord;SCOTF7;;ETL;CE
Y3S; SADTF7 SAV TOULOUSE SUD;0;TF7;T1;Contient des R02 et R03;;0;1461907205;0;Oui;CA GD;PROD / SAV;GD;UI de SAV ETR;Tlse_Sud;SADTF7;;ETL;CE
Y46; SCOTF7 SAV LOT;0;TF7;T1;Contient des R02 et R03;;0;1461820805;0;Oui;CA GD;PROD / SAV;GD;UI de SAV ETR;46;SCOTF7;;ETL;CE
Y65; SADTF7 SAV HAUTES PYRENEES;0;TF7;T1;Contient des R02 et R03;;0;1461907205;0;Oui;CA GD;PROD / SAV;GD;UI de SAV ETR;65;SADTF7;;ETL;CE
Y81; SCOTF7 SAV TARN;0;TF7;T1;Contient des R02 et R03;;0;1461907205;0;Oui;CA GD;PROD / SAV;GD;UI de SAV ETR;81_Gble;SCOTF7;;ETL;CE
Y82; SCOTF7 SAV TARN ET GARONNE;0;TF7;T1;Contient des R02 et R03;;0;1461907205;0;Oui;CA GD;PROD / SAV;GD;UI de SAV ETR;82;SCOTF7;;ETL;CE
>>>>>>> 060c832c00db7770b756def47170c6ea49b1e8f6
